"","x"
"1",107.654686
"2",106.8241043
"3",107.7365036
"4",104.903595
"5",104.716507
"6",106.4416275
"7",105.8913803
"8",100.367424
"9",100.2562332
"10",98.49835968
"11",98.16144562
"12",97.51027679
"13",99.35569
"14",91.94036102
"15",91.53462219
"16",91.04153442
"17",91.61772919
"18",93.58057404
"19",95.27238464
"20",95.08712769
"21",92.4240799
"22",92.73789215
"23",95.56130219
"24",93.69296265
"25",89.41627502
"26",84.78705597
"27",82.86902618
"28",82.70453644
"29",87.81252289
"30",85.52185059
"31",82.52615356
"32",80.62947845
"33",80.66130066
"34",82.46389771
"35",81.16845703
"36",77.35276031
"37",76.04393005
"38",77.69780731
"39",74.00697327
"40",70.79281616
"41",69.15087128
"42",67.23625946
"43",65.95439911
"44",60.45871735
"45",57.6758461
"46",58.66272736
"47",60.63301086
"48",60.95650101
"49",62.3848114
"50",64.84722137
"51",66.84716034
"52",70.48274231
"53",71.56304169
"54",74.27713013
"55",77.00537109
"56",79.37341309
"57",80.08973694
"58",82.67118073
"59",83.674263
"60",86.31993103
"61",86.68118286
"62",88.18653107
"63",89.25922394
"64",87.72808075
"65",87.63460541
"66",89.59490967
"67",91.45948792
"68",93.55170441
"69",91.05014038
"70",93.25450897
"71",95.95665741
"72",97.0351181
"73",93.82867432
"74",93.00896454
"75",94.60031891
"76",96.91453552
"77",93.60457611
"78",93.1661377
"79",95.69373322
"80",98.61354065
"81",95.77100372
"82",96.4033432
"83",94.1654129
"84",90.61175537
"85",92.38387299
"86",91.63861084
"87",88.61802673
"88",84.16836548
"89",80.18492126
"90",77.52327728
"91",76.3673172
"92",72.63830566
"93",54.41264343
"94",44.21334839
"95",42.31269836
"96",38.66218948
"97",36.81845474
"98",35.16307068
"99",37.33431625
"100",41.37814713
"101",43.78648758
"102",45.23635483
"103",45.54174805
"104",47.05735016
"105",48.82601547
"106",55.23994827
"107",57.01593781
"108",59.25956726
"109",61.69580078
"110",66.11408234
"111",68.98014832
"112",68.95822144
"113",68.23205566
"114",71.15377808
"115",69.00732422
"116",59.38064194
"117",38.34486771
"118",31.74404144
"119",32.32837296
"120",33.26363373
"121",32.40462112
"122",34.57275391
"123",37.770401
"124",37.63497162
"125",40.0452652
"126",42.42218018
"127",43.16500092
"128",40.83117294
"129",39.81877899
"130",40.73860168
"131",40.032444
"132",41.10316849
"133",40.27867126
"134",41.11262131
"135",43.05810165
"136",44.17684555
"137",44.50938034
"138",42.34571075
"139",43.69571686
"140",41.39950562
"141",42.22855759
"142",43.28657913
"143",45.63256836
"144",47.01554489
"145",46.29554367
"146",47.61662292
"147",47.23140335
"148",46.65711975
"149",45.76047897
"150",44.18612289
"151",45.45222473
"152",45.56954575
"153",44.93033981
"154",46.57125473
"155",45.98184967
"156",48.83897018
"157",49.22720337
"158",47.80845261
"159",50.51922607
"160",52.20176697
"161",51.43960571
"162",52.84628677
"163",51.24649429
"164",50.73788834
"165",50.6756134
"166",49.23961258
"167",49.8206749
"168",48.77238464
"169",49.32124329
"170",50.71623993
"171",50.14818192
"172",48.23073196
"173",45.70328522
"174",48.84131241
"175",51.8759079
"176",48.60027313
"177",50.69999695
"178",50.97907257
"179",49.52967834
"180",50.17588425
"181",51.36997223
"182",53.40443802
"183",56.65234375
"184",56.05323792
"185",52.62213135
"186",49.99159622
"187",44.19510269
"188",44.02447128
"189",43.07415009
"190",46.06075668
"191",47.08307266
"192",47.14114761
"193",49.66637802
"194",49.22717285
"195",49.58125305
"196",51.66223907
"197",52.91923523
"198",54.72704315
"199",56.77906418
"200",55.99051666
"201",55.98006058
"202",52.81911469
"203",54.92353058
"204",56.88960266
"205",60.12356567
"206",61.65839386
"207",61.59106064
"208",62.31381607
"209",67.10965729
"210",68.75717163
"211",69.13948822
"212",69.33363342
"213",69.31215668
"214",66.27823639
"215",70.21802521
"216",71.93450165
"217",75.84083557
"218",74.24225616
"219",74.84851837
"220",73.66308594
"221",75.09525299
"222",77.86965942
"223",78.62020111
"224",78.69403839
"225",79.70664215
"226",78.17732239
"227",81.03226471
"228",81.49623871
"229",80.78105927
"230",79.92492676
"231",78.46646881
"232",80.26849365
"233",82.9648056
"234",89.16370392
"235",96.74456787
"236",98.92756653
"237",100.5444183
"238",102.0719223
"239",101.9267502
"240",103.2865219
"241",104.4294815
"242",105.5991745
"243",102.8386536
"244",102.6314774
"245",100.6162338
"246",101.1312256
"247",100.80159
"248",100.9027328
"249",101.0567703
"250",104.3783035
"251",103.2050781
"252",101.8439789
"253",102.4903107
"254",103.2955704
"255",102.3183136
"256",100.3424835
"257",99.03059387
"258",95.7196579
"259",96.05172729
"260",94.43440247
"261",96.66078186
"262",96.4098053
"263",96.79309082
"264",98.47055817
"265",101.70961
"266",105.2923584
"267",107.3156967
"268",105.2413559
"269",101.4196472
"270",96.02431488
"271",92.70243835
"272",94.39971161
"273",94.12438202
"274",95.94164276
"275",99.49665833
"276",102.0758209
"277",98.49105835
"278",100.3204651
"279",102.318428
"280",97.83821106
"281",95.46781158
"282",87.85972595
"283",86.75910187
"284",90.39588165
"285",94.15084076
"286",96.74793243
"287",97.93132782
"288",98.29101563
"289",99.39862823
"290",105.7325211
"291",103.3955231
"292",105.3014755
"293",98.60514069
"294",89.43778992
"295",83.98140717
"296",79.72832489
"297",70.20870972
"298",71.53918457
"299",74.75426483
"300",80.66298676
"301",76.56038666
"302",64.83124542
"303",65.2730484
"304",60.40361786
"305",60.21397018
"306",58.18882751
"307",52.84375
"308",50.14633179
"309",48.5585022
"310",50.36233139
"311",50.96923828
"312",49.88645172
"313",52.74571228
"314",54.89011383
"315",54.67905045
"316",56.97156906
"317",57.5774765
"318",59.26131821
"319",59.85968781
"320",60.7710495
"321",61.88257217
"322",62.11676025
"323",63.74561691
"324",64.41623688
"325",64.34757233
"326",64.7843399
"327",66.37698364
"328",66.53104401
"329",65.98179626
"330",64.75830841
"331",61.89385605
"332",64.59500885
"333",63.84658813
"334",63.23822021
"335",63.96618271
"336",63.76039124
"337",60.98406982
"338",59.15348053
"339",57.77106476
"340",48.5070343
"341",46.58184052
"342",45.17750931
"343",44.00750732
"344",45.80871582
"345",46.15972137
"346",47.87856293
"347",50.59972
"348",53.00447845
"349",55.5654068
"350",56.60974121
"351",58.08607864
"352",56.05120468
"353",58.30464554
"354",60.73621368
"355",58.78653717
"356",58.10844803
"357",57.83996964
"358",57.05496597
"359",56.41243744
"360",58.72850037
"361",58.05086517
"362",60.99072647
"363",60.91663361
"364",62.48471451
"365",63.52558136
"366",65.64884949
"367",65.41049194
"368",68.01512146
"369",68.18006897
"370",65.71232605
"371",67.86550903
"372",68.30872345
"373",70.57798004
"374",70.08746338
"375",70.47799683
"376",72.63009644
"377",72.45345306
"378",73.99758148
"379",76.73116302
"380",75.2750473
"381",78.65409851
"382",78.49962616
"383",79.52557373
"384",80.78934479
"385",81.23888397
"386",83.35003662
"387",81.15003204
"388",83.53379059
"389",85.2490921
"390",83.66870117
"391",85.14893341
"392",86.6370697
"393",86.03590393
"394",84.53769684
"395",86.23496246
"396",88.22917938
"397",89.22117615
"398",91.21115875
"399",93.91176605
"400",92.14255524
"401",93.67680359
"402",96.60738373
"403",99.5381012
"404",102.7819595
"405",101.7218399
"406",101.5506058
"407",101.0926895
"408",104.9219894
"409",102.6290207
"410",106.5944595
"411",107.8778381
"412",106.5489273
"413",104.5075531
"414",104.7735977
"415",94.81609344
"416",11.9738493
"417",15.34217453
"418",20.90568924
"419",26.05609894
"420",31.22402954
"421",45.41910934
"422",56.98762512
"423",60.24708939
"424",68.73114014
"425",64.55438232
"426",61.41219711
"427",63.02915573
"428",61.05715179
"429",60.9185257
"430",60.1702652
"431",57.65329742
"432",56.44931412
"433",55.95859528
"434",55.59796524
"435",55.56174469
"436",54.52633667
"437",55.3991127
"438",55.92797852
"439",55.26350784
"440",52.78707504
"441",52.79057693
"442",54.08364868
"443",56.29973984
"444",56.71154785
"445",56.07079315
"446",58.33758163
"447",60.1097908
"448",60.02109909
"449",59.89881897
"450",60.63131714
"451",61.57362366
"452",64.03562164
"453",66.78159332
"454",66.46155548
"455",70.93484497
"456",70.5296402
"457",70.4084549
"458",71.45226288
"459",72.43598938
"460",72.66930389
"461",71.19037628
"462",72.2875824
"463",74.22388458
"464",73.85889435
"465",72.09687805
"466",73.84755707
"467",76.50637817
"468",75.66299438
"469",73.78549194
"470",76.38884735
"471",76.13726044
"472",77.0858078
"473",78.02432251
"474",75.46874237
"475",76.83391571
"476",79.18517303
"477",77.76982117
"478",78.95317078
"479",77.04884338
"480",76.39950562
"481",79.5038147
"482",78.82009888
"483",79.02779388
"484",76.12332916
"485",75.62937927
"486",74.30899048
"487",75.41814423
"488",74.64658356
"489",76.09382629
"490",73.85617828
"491",76.08148193
"492",77.3733902
"493",75.95611572
"494",78.29756927
"495",78.06381989
"496",78.51095581
"497",77.16776276
"498",77.68687439
"499",75.2321167
"500",79.80341339
"501",80.892555235
"502",81.98169708
"503",90.39832306
"504",96.26979828
"505",95.00418854
"506",94.15248108
"507",93.39326477
"508",93.26330566
"509",89.65338898
"510",90.10555267
"511",89.00847626
"512",87.55120087
"513",86.87699127
"514",81.45922089
"515",75.54502106
"516",70.47263336
"517",62.61523438
"518",57.38161469
"519",56.49377823
"520",61.69815063
"521",64.42686462
"522",67.974845885
"523",71.52282715
"524",68.09079742
"525",69.51845551
"526",65.64611053
"527",63.84417725
"528",65.32868195
"529",64.66579437
"530",65.24128723
"531",69.43597412
"532",72.5400238
"533",70.5923233
"534",72.265625
"535",71.92411804
"536",72.50827789
"537",70.88249207
"538",70.41764832
"539",69.745224
"540",69.30069733
"541",69.94552612
"542",70.11961365
"543",68.66807556
"544",68.48744965
"545",69.16191101
"546",66.0368042
"547",63.58082581
"548",60.80296707
"549",59.88340378
"550",55.46718216
"551",57.1634903
"552",53.60193253
"553",54.86684036
"554",56.97121811
"555",52.63001633
"556",55.2636261
"557",55.37221146
"558",54.40441513
"559",53.51039124
"560",50.1923027
"561",53.36603928
"562",52.15672684
"563",48.91111374
"564",55.23710632
"565",53.93041229
"566",53.92327118
"567",57.37204361
"568",61.46091843
"569",60.4549942
"570",61.28959656
"571",60.87038803
"572",58.5849762
"573",56.89326096
"574",55.45148849
"575",57.9352684
"576",59.46128464
"577",59.24938965
"578",55.52006149
"579",62.54029083
"580",63.97850418
"581",66.07783508
"582",67.18695831
"583",65.97692871
"584",68.70644379
"585",68.90139008
"586",69.44519043
"587",66.26295471
"588",67.41777802
"589",69.49295044
"590",70.40992737
"591",72.53956604
"592",76.37545013
"593",78.14772034
"594",77.24237823
"595",83.55152893
"596",85.63539886
"597",87.10116577
"598",87.74481201
"599",90.115448
"600",95.92876434
"601",96.41860199
"602",107.0210419
"603",103.5036316
"604",104.539444
"605",103.2580261
"606",101.4909363
"607",103.0806046
"608",101.7237167
"609",103.7703323
"610",102.731369
"611",104.1391296
"612",103.1221313
"613",77.59783173
"614",50.21925735
"615",21.95876884
"616",22.40735817
"617",25.25623322
"618",25.04436493
"619",21.92329597
"620",28.38226318
"621",32.15457916
"622",39.16556931
"623",43.07503128
"624",47.4554863
"625",57.01704788
"626",68.94493866
"627",74.11444855
"628",77.9079895
"629",78.75199127
"630",79.91429901
"631",80.52124023
"632",83.73067474
"633",85.05365753
"634",88.42236328
"635",87.84147644
"636",87.2605896
"637",82.81988144
"638",78.37917328
"639",74.70779419
"640",71.91124725
"641",51.74863052
"642",41.35980988
"643",39.036088945
"644",36.71236801
"645",48.04014778
"646",48.04014778
"647",59.36792755
"648",64.57460785
"649",75.55497742
"650",74.471199035
"651",73.38742065
"652",73.13903809
"653",73.442310335
"654",73.74558258
"655",75.49594116
"656",80.581169125
"657",80.581169125
"658",80.581169125
"659",85.66639709
"660",87.688682555
"661",87.688682555
"662",89.71096802
"663",95.31699371
"664",98.712421405
"665",102.1078491
"666",98.01599121
"667",102.1533813
"668",101.1403275
"669",102.2434998
"670",102.6686478
"671",98.46290588
"672",101.8386917
"673",103.20580675
"674",103.20580675
"675",103.20580675
"676",104.5729218
"677",103.4536285
"678",101.054512
"679",98.17202759
"680",95.2237854
"681",97.39102936
"682",100.3365173
"683",102.4006805
"684",107.4482651
"685",105.9567566
"686",106.0775299
"687",108.1667862
"688",110.6671448
"689",109.9311066
"690",108.5776596
"691",106.3088531
"692",105.4700012
"693",101.724472
"694",105.0354919
"695",105.2062988
"696",93.16236877
"697",68.28791809
"698",26.97507477
"699",10.56446171
"700",11.15445328
"701",12.13399601
"702",14.00096607
"703",15.18802166
"704",15.2852459
"705",15.17513847
"706",16.09259415
"707",16.11338425
"708",19.12482071
"709",21.03660011
"710",25.48871994
"711",32.14496231
"712",33.12365341
"713",34.96199417
"714",37.03097153
"715",38.18708801
"716",40.55438614
"717",44.63355637
"718",53.19528198
"719",61.2093544
"720",63.67188263
"721",67.04245758
"722",68.46469116
"723",80.57348633
"724",93.35839844
"725",103.9595642
"726",114.9954987
"727",119.7525482
"728",118.7280273
"729",116.5634232
"730",118.8796616
"731",119.1760788
"732",120.7546463
"733",122.0386505
"734",120.9713135
"735",119.5711212
"736",115.1773605
"737",112.5513306
"738",109.4178696
"739",107.3217468
"740",107.536171
"741",106.8028107
"742",107.5584564
"743",112.7431641
"744",113.6357193
"745",111.7715073
"746",110.1096268
"747",103.4409485
"748",99.91697693
"749",100.2292557
"750",97.68989563
"751",96.89738464
"752",97.21990204
"753",104.2884293
"754",106.5215912
"755",106.3776779
"756",107.3220215
"757",107.7904663
"758",106.0249405
"759",102.1826401
"760",101.1407547
"761",100.8531113
"762",99.35993195
"763",99.42373657
"764",97.8640976
"765",96.62291718
"766",96.77199554
"767",96.16917419
"768",94.24954987
"769",94.80711365
"770",92.21765137
"771",79.03193665
"772",71.46669006
"773",67.61101532
"774",65.24786377
"775",61.08864594
"776",62.76531219
"777",64.32208252
"778",63.84994888
"779",67.68871307
"780",70.3805542
"781",72.85945129
"782",73.51807404
"783",76.76367188
"784",72.57139587
"785",41.49980545
"786",38.14980698
"787",37.67721558
"788",37.59677124
"789",38.83904266
"790",42.60537338
"791",43.63006973
"792",44.37652206
"793",48.39591599
"794",45.77807236
"795",46.20516205
"796",46.22623062
"797",49.30838394
"798",46.86750412
"799",49.88488007
"800",50.90726471
"801",52.68257141
"802",54.30420685
"803",56.14656448
"804",55.60792542
"805",55.25657272
"806",54.08358765
"807",55.47264099
"808",48.13349152
"809",38.45082474
"810",30.21860695
"811",29.91174126
"812",30.97906113
"813",31.8185997
"814",34.63437653
"815",37.33016205
"816",36.78755569
"817",35.89413834
"818",38.70764923
"819",38.49859619
"820",39.17123795
"821",42.0150032
"822",43.12760544
"823",46.21311951
"824",48.55948639
"825",49.29676437
"826",53.28691483
"827",53.55335236
"828",57.26913071
"829",61.24536514
"830",60.70362854
"831",62.9007225
"832",63.97014618
"833",68.31307983
"834",70.03406525
"835",72.1878891
"836",72.50288391
"837",72.97446442
"838",74.72845459
"839",76.38977814
"840",77.71021271
"841",78.0853653
"842",83.14138031
"843",88.93823242
"844",93.61319733
"845",95.85884857
"846",95.23581696
"847",97.70915222
"848",99.64349365
"849",98.2212677
"850",97.77840424
"851",98.65898895
"852",100.2890015
"853",101.7261887
"854",101.5854111
"855",99.90171051
"856",99.73802948
"857",103.8269119
"858",100.7229462
"859",101.2390289
"860",102.8223495
"861",98.28018951
"862",97.07422638
"863",96.53883362
"864",96.26874542
"865",96.89167023
"866",99.16590881
"867",100.5990219
"868",98.65327454
"869",100.1267853
"870",102.6635742
"871",101.3178787
"872",99.34101105
"873",100.1479187
"874",93.75641632
"875",93.1537323
"876",91.31998444
"877",92.77014923
"878",93.85205841
"879",95.51114655
"880",99.66031647
"881",100.5539322
"882",98.49991608
"883",97.39707184
"884",99.11418152
"885",101.0861206
"886",101.0472717
"887",98.6804657
"888",93.34317017
"889",92.0893631
"890",96.07038879
"891",98.22659302
"892",103.5120926
"893",104.3426056
"894",103.9495468
"895",108.8442764
"896",110.085556
"897",110.9159775
"898",111.1690903
"899",110.5055008
"900",105.6813049
"901",104.489418
"902",106.3482132
"903",106.7154007
"904",108.4635773
"905",106.5994492
"906",105.6104813
"907",109.2197266
"908",107.3401871
"909",108.0209122
"910",112.1223373
"911",106.8675537
"912",106.3013
"913",102.2949829
"914",102.0837021
"915",101.7354584
"916",103.8068848
"917",105.3641663
"918",104.8387451
"919",105.6730042
"920",105.6585388
"921",109.5329971
"922",108.2145157
"923",106.2680359
"924",102.2562103
"925",98.04956818
"926",96.34515381
"927",98.0968399
"928",101.1787033
"929",101.143074
"930",103.8278732
"931",105.12957
"932",103.1424866
"933",104.0445328
"934",107.68647
"935",108.273262
"936",55.905484426
"937",3.537706852
"938",18.21875191
"939",22.64080429
"940",26.12753487
"941",29.37059975
"942",30.40854263
"943",29.35295677
"944",29.79726791
"945",33.00884247
"946",34.36646652
"947",34.20675659
"948",34.34122086
"949",32.85364151
"950",32.52773285
"951",32.10170746
"952",36.48937225
"953",37.22750854
"954",38.58473587
"955",41.04250717
"956",40.10439682
"957",39.52241516
"958",37.77530289
"959",39.65089035
"960",44.54428482
"961",46.38204193
"962",45.41276932
"963",47.1172905
"964",48.26306534
"965",47.62869644
"966",51.6754837
"967",52.96833038
"968",54.42840958
"969",57.72519302
"970",59.41942215
"971",65.98160553
"972",71.83384705
"973",79.71336365
"974",82.12556458
"975",83.00919342
"976",81.78968811
"977",83.64505005
"978",82.55044556
"979",89.12861633
"980",87.88082886
"981",83.35279083
"982",87.69772339
"983",93.67219543
"984",94.37768555
"985",102.0050659
"986",103.1567459
"987",92.30740356
"988",92.76174927
"989",91.44303894
"990",94.51708984
"991",98.64337158
"992",97.76126099
"993",97.22127533
"994",100.0907822
"995",103.7896881
"996",106.7724304
"997",107.5701752
"998",105.1185684
"999",95.82316589
"1000",94.41162872
"1001",93.25666809
"1002",91.96019745
"1003",96.66773224
"1004",99.05145264
"1005",98.72318268
"1006",100.6726227
"1007",101.1141129
"1008",100.5167007
"1009",105.2485199
"1010",108.8675537
"1011",103.4978714
"1012",101.1501846
"1013",103.4308624
"1014",106.940567
"1015",110.2788086
"1016",112.5332031
"1017",113.7337036
"1018",115.8255539
"1019",113.1438904
"1020",109.8950424
"1021",92.07740021
"1022",68.74337769
"1023",56.87361145
"1024",56.0556221
"1025",60.10341644
"1026",65.81934357
"1027",65.74040985
"1028",30.08104515
"1029",29.29628372
"1030",35.86123657
"1031",36.20870209
"1032",36.23212433
"1033",34.20930481
"1034",35.40994263
"1035",36.59349823
"1036",37.89330292
"1037",37.64700317
"1038",39.11575699
"1039",39.83006668
"1040",39.27974701
"1041",39.30847549
"1042",40.01996994
"1043",39.92556763
"1044",38.675354
"1045",39.45776367
"1046",38.57506943
"1047",37.57191467
"1048",38.2233696
"1049",39.7648735
"1050",42.68556595
"1051",43.48995209
"1052",44.25691223
"1053",46.65542603
"1054",45.50508118
"1055",46.71476364
"1056",47.44943619
"1057",46.99459457
"1058",49.78932953
"1059",50.85286331
"1060",54.75831223
"1061",55.13217545
"1062",56.7211113
"1063",56.8018837
"1064",61.49310684
"1065",60.76113892
"1066",59.67269135
"1067",58.98368454
"1068",58.5496254
"1069",60.02684402
"1070",62.16869736
"1071",65.05490875
"1072",64.09736633
"1073",66.67971802
"1074",66.48571777
"1075",66.75429535
"1076",70.42918396
"1077",72.13240051
"1078",73.46466064
"1079",70.8997879
"1080",68.506816865
"1081",68.506816865
"1082",66.11384583
"1083",76.36927795
"1084",67.18854523
"1085",76.02536774
"1086",74.68418121
"1087",73.85955048
"1088",73.55404663
"1089",76.89592743
"1090",78.34523773
"1091",71.59249878
"1092",53.128362655
"1093",34.66422653
"1094",36.6584053
"1095",37.94291687
"1096",41.08998108
"1097",42.26753998
"1098",46.33756256
"1099",47.6218071
"1100",48.94382477
"1101",52.38910294
"1102",51.56393051
"1103",51.36177444
"1104",42.07607269
"1105",39.04615402
"1106",38.15319061
"1107",35.87690353
"1108",34.62865448
"1109",35.76688004
"1110",33.94758224
"1111",33.63180542
"1112",32.89850616
"1113",33.745224
"1114",36.44598389
"1115",38.04046249
"1116",41.19997025
"1117",41.65129089
"1118",41.01504135
"1119",43.28922653
"1120",41.95504761
"1121",42.77773666
"1122",38.63169479
"1123",40.23485947
"1124",42.94178391
"1125",42.4018364
"1126",43.34633636
"1127",42.70669174
"1128",45.36795044
"1129",44.15865707
"1130",45.48921204
"1131",45.03055954
"1132",45.89823151
"1133",48.60353851
"1134",49.05088806
"1135",53.63143921
"1136",60.60317612
"1137",62.82065964
"1138",65.17286682
"1139",64.84190369
"1140",66.2651062
"1141",65.51342773
"1142",65.02557373
"1143",66.9453125
"1144",68.35205841
"1145",71.58041382
"1146",70.37689209
"1147",73.71016693
"1148",74.82059479
"1149",77.71217346
"1150",79.98698425
"1151",79.1533432
"1152",79.86167145
"1153",80.91408539
"1154",81.17237854
"1155",82.28092194
"1156",83.09438324
"1157",82.50640869
"1158",81.8844986
"1159",83.8765564
"1160",85.05757141
"1161",86.18972015
"1162",85.87169647
"1163",89.08757782
"1164",93.87302399
"1165",98.10664368
"1166",104.7157288
"1167",106.2927628
"1168",106.4650345
"1169",105.6246643
"1170",107.5648346
"1171",108.5179214
"1172",110.5164719
"1173",109.3174744
"1174",108.658783
"1175",107.851532
"1176",106.5155487
"1177",101.7385941
"1178",98.6076355
"1179",94.0917511
"1180",93.7518158
"1181",93.32582855
"1182",95.01843262
"1183",99.24016571
"1184",101.5780869
"1185",101.3254395
"1186",102.5642776
"1187",103.8441315
"1188",105.4988403
"1189",103.2799988
"1190",104.9829788
"1191",104.9901352
"1192",102.2134705
"1193",103.9789658
"1194",104.3173218
"1195",104.4190216
"1196",102.9970169
"1197",101.9795303
"1198",95.95194244
"1199",91.18849182
"1200",67.99398804
"1201",50.46980286
"1202",61.94659042
"1203",79.59965515
"1204",76.9497757
"1205",65.3276062
"1206",55.37833023
"1207",57.05400085
"1208",56.89437103
"1209",58.79319
"1210",60.69200897
"1211",62.91836929
"1212",64.82731628
"1213",65.385849
"1214",67.56510925
"1215",72.18449402
"1216",71.0676651
"1217",71.39505005
"1218",73.98249054
"1219",73.05801392
"1220",72.17771912
"1221",72.48822784
"1222",71.57196808
"1223",71.26350403
"1224",71.09824371
"1225",71.31735992
"1226",71.41222382
"1227",72.46264648
"1228",71.33366394
"1229",72.03662872
"1230",72.09400177
"1231",70.39598846
"1232",69.5814209
"1233",68.31027985
"1234",66.67926788
"1235",65.95366669
"1236",65.9571991
"1237",65.91648102
"1238",66.1656723
"1239",68.31893921
"1240",68.83934784
"1241",69.56628418
"1242",69.64830017
"1243",69.89927673
"1244",70.0562973
"1245",70.31254578
"1246",71.27428436
"1247",73.69179535
"1248",73.94054413
"1249",73.68362427
"1250",74.55030823
"1251",75.97245026
"1252",77.72038269
"1253",78.18914032
"1254",81.58868408
"1255",82.37549591
"1256",81.67392731
"1257",78.26251984
"1258",79.13069916
"1259",79.99326324
"1260",78.26689911
"1261",81.07943726
"1262",80.57469177
"1263",80.24843597
"1264",81.29625702
"1265",81.61152649
"1266",82.86024475
"1267",84.80895996
"1268",84.29385376
"1269",86.72312927
"1270",85.81620789
"1271",84.95990753
"1272",85.79064941
"1273",85.32941437
"1274",86.89115143
"1275",87.48148346
"1276",87.77082825
"1277",87.11299133
"1278",87.45928192
"1279",88.18325043
"1280",86.21547699
"1281",87.04933929
"1282",87.24200439
"1283",88.20298767
"1284",86.69669342
"1285",86.63848114
"1286",87.00406647
"1287",92.32350922
"1288",91.36824036
"1289",92.06944275
"1290",93.72083282
"1291",97.35666656
"1292",99.60523987
"1293",96.57284546
"1294",96.8399353
"1295",95.97742462
"1296",93.26663971
"1297",91.48895264
"1298",91.48339081
"1299",91.26154327
"1300",93.02279663
"1301",91.93434143
"1302",93.1025238
"1303",94.38127899
"1304",95.55420685
"1305",95.25117493
"1306",94.56563568
"1307",93.48000336
"1308",92.56737518
"1309",90.8740921
"1310",90.97885895
"1311",93.81147003
"1312",92.84680939
"1313",92.92271423
"1314",95.69100189
"1315",95.35102844
"1316",92.90339661
"1317",96.31799316
"1318",96.72931671
"1319",94.82611084
"1320",93.84644318
"1321",91.70439148
"1322",91.8320694
"1323",91.50250244
"1324",92.66851807
"1325",90.80934143
"1326",90.99204254
"1327",91.4482193
"1328",97.29023743
"1329",96.29823303
"1330",95.70110321
"1331",94.95501709
"1332",93.01934052
"1333",91.00778198
"1334",86.90512848
"1335",85.17046356
"1336",87.11075592
"1337",88.0684433
"1338",87.43021393
"1339",67.77376556
"1340",50.98845673
"1341",45.63966751
"1342",45.32424927
"1343",44.41486359
"1344",45.26374054
"1345",50.69716644
"1346",51.2680397
"1347",51.70377731
"1348",54.95380402
"1349",55.75929642
"1350",56.40005112
"1351",57.36081696
"1352",60.01561737
"1353",60.12945557
"1354",62.41005325
"1355",61.72408295
"1356",67.21316528
"1357",67.84442139
"1358",67.00652313
"1359",69.31360626
"1360",71.46433258
"1361",73.68798065
"1362",75.63065338
"1363",76.22193146
"1364",77.10462189
"1365",77.76708221
"1366",77.43504333
"1367",76.93038177
"1368",79.48426056
"1369",80.25937653
"1370",79.24649048
"1371",78.38035583
"1372",80.82450867
"1373",80.68883514
"1374",82.44602966
"1375",82.35586548
"1376",83.02315521
"1377",82.03287506
"1378",83.87414551
"1379",85.52253723
"1380",90.02577972
"1381",89.38505554
"1382",91.07117462
"1383",91.5634613
"1384",94.43781281
"1385",97.80902863
"1386",98.82790375
"1387",99.30563354
"1388",98.96194458
"1389",99.65600586
"1390",99.12631226
"1391",98.74607086
"1392",98.76667023
"1393",99.64428711
"1394",98.65159607
"1395",98.07036591
"1396",96.89163208
"1397",96.22291565
"1398",97.45006561
"1399",97.49677277
"1400",98.80786133
"1401",101.2911758
"1402",103.0357056
"1403",102.8734055
"1404",104.0442276
"1405",102.8901596
"1406",102.0739975
"1407",100.5362244
"1408",100.8494949
"1409",102.4638748
"1410",101.6241837
"1411",102.915802
"1412",104.9384232
"1413",105.8885117
"1414",107.0708847
"1415",108.5163651
"1416",110.6164474
"1417",109.9196548
"1418",111.4165649
"1419",115.532074
"1420",115.0825653
"1421",115.8539429
"1422",111.2506256
"1423",110.3012619
"1424",110.5209198
"1425",111.5898361
"1426",111.3249512
"1427",112.9275665
"1428",110.0849457
"1429",108.003067
"1430",108.2652969
"1431",105.2953796
"1432",104.5112457
"1433",101.9796219
"1434",101.4390945
"1435",99.32408905
"1436",52.85985947
"1437",21.02125359
"1438",21.01719856
"1439",20.58842087
"1440",15.89958286
"1441",18.82820892
"1442",20.28390312
"1443",22.6693058
"1444",25.22489738
"1445",25.92899895
"1446",36.68783569
"1447",38.53013229
"1448",51.29668045
"1449",57.86792374
"1450",58.58024979
"1451",58.4120369
"1452",54.79042816
"1453",47.94812012
"1454",46.53452682
"1455",31.361063
"1456",22.27763748
"1457",24.12889862
"1458",25.99601173
"1459",32.48057175
"1460",36.5737381
"1461",42.22188568
"1462",43.7396965
"1463",45.38234329
"1464",49.23545837
"1465",53.16794205
"1466",55.66110992
"1467",51.67663956
"1468",42.89622879
"1469",25.40197372
"1470",23.75329208
"1471",26.77001953
"1472",23.66622734
"1473",27.71011543
"1474",28.61687851
"1475",28.10605621
"1476",27.78456116
"1477",25.66418457
"1478",25.08825874
"1479",25.09999847
"1480",29.16005516
"1481",35.47641754
"1482",33.51323318
"1483",35.09023285
"1484",35.65206528
"1485",35.71678162
"1486",39.41985703
"1487",43.3346405
"1488",41.23775101
"1489",42.70764923
"1490",45.05147934
"1491",46.76285934
"1492",49.37605667
"1493",50.36152649
"1494",48.45457077
"1495",49.65883636
"1496",49.69356155
"1497",50.37379074
"1498",48.94051361
"1499",50.5578804
"1500",50.16734695
"1501",49.42038345
"1502",48.24630737
"1503",41.30075836
"1504",40.42719269
"1505",40.82538605
"1506",39.46495819
"1507",38.2363205
"1508",37.6197052
"1509",39.33081818
"1510",41.26723862
"1511",42.0161438
"1512",43.03237152
"1513",45.41680145
"1514",45.46949005
"1515",47.97581482
"1516",51.35175323
"1517",52.19565201
"1518",56.54083252
"1519",58.45183563
"1520",55.74853134
"1521",55.78540802
"1522",57.56572342
"1523",56.17617035
"1524",55.77877426
"1525",56.58913422
"1526",55.83106613
"1527",58.75664902
"1528",56.52448654
"1529",59.07004929
"1530",59.88906479
"1531",61.56703186
"1532",63.36522293
"1533",64.2726593
"1534",62.99794388
"1535",62.8155098
"1536",64.14521027
"1537",65.00975037
"1538",64.49966431
"1539",66.18543243
"1540",67.08359528
"1541",71.41088104
"1542",78.06401062
"1543",79.32050323
"1544",76.28914642
"1545",76.78347015
"1546",75.62348938
"1547",73.32796478
"1548",74.7124176
"1549",73.89759064
"1550",74.60480499
"1551",72.60834503
"1552",74.30361938
"1553",73.47548676
"1554",74.74066925
"1555",77.16947174
"1556",78.64465332
"1557",77.8866806
"1558",78.24652863
"1559",77.27309418
"1560",78.0909729
"1561",79.62976837
"1562",81.02011871
"1563",89.48815918
"1564",93.78596497
"1565",94.42247009
"1566",103.1668854
"1567",95.0827713
"1568",87.42588043
"1569",86.67308044
"1570",88.18102264
"1571",91.30081177
"1572",91.53271484
"1573",93.80164337
"1574",94.76418304
"1575",96.18630981
"1576",96.9066925
"1577",99.92851257
"1578",100.3755875
"1579",102.225029
"1580",100.9094772
"1581",99.77417755
"1582",99.18865204
"1583",97.68560791
"1584",75.9258728
"1585",60.98945618
"1586",69.12093353
"1587",63.27066422
"1588",64.57413483
"1589",66.59793854
"1590",75.66043091
"1591",82.421875
"1592",86.56350708
"1593",86.04611206
"1594",85.4164505
"1595",86.31207275
"1596",87.32167816
"1597",87.28743744
"1598",88.47138977
"1599",88.41909027
"1600",88.6095047
"1601",92.92910767
"1602",91.01812744
"1603",92.51818085
"1604",94.63263702
"1605",89.18764496
"1606",85.57426453
"1607",83.72016144
"1608",83.92639923
"1609",88.37982941
"1610",89.01262665
"1611",91.21974182
"1612",90.6574707
"1613",91.55374146
"1614",93.87197876
"1615",94.25346375
"1616",94.53339386
"1617",93.4883194
"1618",90.68740845
"1619",86.78700256
"1620",89.66333771
"1621",89.94967651
"1622",91.50875092
"1623",92.94387817
"1624",94.32609558
"1625",96.37808228
"1626",98.03118896
"1627",98.20062256
"1628",101.4092712
"1629",105.4713898
"1630",101.271347
"1631",101.0657196
"1632",98.269104
"1633",100.3131027
"1634",1.488095999
"1635",10.93059063
"1636",17.84153366
"1637",24.97146988
"1638",26.93869591
"1639",25.63815689
"1640",28.90777779
"1641",30.56126404
"1642",33.77541733
"1643",35.71889496
"1644",33.9606514
"1645",35.99072266
"1646",37.0790596
"1647",38.21534729
"1648",40.38003922
"1649",40.10786057
"1650",39.20742035
"1651",38.4426918
"1652",39.64039993
"1653",41.2965126
"1654",41.06319046
"1655",41.11312103
"1656",42.31997299
"1657",44.05514145
"1658",45.04143524
"1659",49.15636444
"1660",48.8012352
"1661",49.17807007
"1662",49.74970245
"1663",49.0475769
"1664",50.34108353
"1665",51.77565765
"1666",52.97844696
"1667",54.07803345
"1668",55.50043869
"1669",57.19963837
"1670",54.52912521
"1671",50.81606293
"1672",47.99420166
"1673",43.42481232
"1674",40.9679718
"1675",39.1126976
"1676",42.39657211
"1677",44.16122818
"1678",43.74586487
"1679",42.93737793
"1680",44.12149048
"1681",43.12477112
"1682",44.27086258
"1683",45.58271027
"1684",46.57709503
"1685",45.76791763
"1686",45.91246033
"1687",44.42118835
"1688",43.16480637
"1689",42.25341797
"1690",42.14839172
"1691",42.4854393
"1692",45.22624969
"1693",45.68701935
"1694",48.34165192
"1695",49.23788452
"1696",48.66907501
"1697",48.8429985
"1698",49.61050034
"1699",53.87287903
"1700",54.89786148
"1701",57.43292236
"1702",58.9865036
"1703",60.03361893
"1704",59.58908463
"1705",59.55309677
"1706",61.68156052
"1707",63.67491531
"1708",62.19803238
"1709",63.67769623
"1710",63.10012817
"1711",65.52957153
"1712",73.08411407
"1713",79.27220917
"1714",81.50106049
"1715",88.1264801
"1716",91.68956757
"1717",93.03009796
"1718",94.00009918
"1719",97.75120544
"1720",97.5681076
"1721",97.01654053
"1722",96.57872772
"1723",93.09880829
"1724",93.03424072
"1725",93.05862427
"1726",91.33089447
"1727",89.30871582
"1728",86.26028442
"1729",85.15177917
"1730",75.50199127
"1731",72.64457703
"1732",70.34307098
"1733",74.21439362
"1734",72.34404755
"1735",81.41420746
"1736",86.34742737
"1737",92.44329071
"1738",88.48685455
"1739",86.01057434
"1740",78.94243622
"1741",61.90636063
"1742",52.74647522
"1743",46.64143753
"1744",48.41253281
"1745",46.03730392
"1746",41.77309036
"1747",40.05503464
"1748",34.4253273
"1749",37.41802979
"1750",38.31120682
"1751",41.95180893
"1752",44.91370392
"1753",46.67092133
"1754",47.09845734
"1755",49.34750366
"1756",52.27345276
"1757",49.57906342
"1758",45.01599503
"1759",42.09600449
"1760",45.5945549
"1761",41.99358749
"1762",50.54383087
"1763",49.14964676
"1764",56.75400162
"1765",59.72639847
"1766",57.44941711
"1767",49.61914063
"1768",39.62446213
"1769",34.28053665
"1770",30.0065136
"1771",33.87062836
"1772",38.47423553
"1773",39.36467361
"1774",39.55734634
"1775",39.4904747
"1776",41.24262238
"1777",44.1883812
"1778",47.95569992
"1779",50.24843979
"1780",52.92271805
"1781",53.25551224
"1782",55.71876144
"1783",57.48972321
"1784",60.0189743
"1785",60.61198044
"1786",62.75708771
"1787",59.65488052
"1788",59.89094925
"1789",56.92169952
"1790",57.0263176
"1791",46.95834351
"1792",42.8732872
"1793",35.36456299
"1794",37.06409073
"1795",37.54141235
"1796",38.14189529
"1797",39.48423004
"1798",37.2870903
"1799",35.63510895
"1800",36.36926651
"1801",37.39836121
"1802",38.68851471
"1803",40.22314453
"1804",43.71323013
"1805",47.12509155
"1806",52.69351959
"1807",61.93282318
"1808",70.74299622
"1809",72.11467743
"1810",71.76095581
"1811",75.3347702
"1812",75.68314362
"1813",79.37974548
"1814",80.66647339
"1815",82.62548828
"1816",82.16285706
"1817",83.30423737
"1818",84.72505951
"1819",91.17989349
"1820",91.06118774
"1821",94.3364563
"1822",96.56523132
"1823",100.0169601
"1824",99.66665649
"1825",98.27074432
"1826",100.3518677
"1827",98.10012054
"1828",98.61291504
"1829",95.7403717
"1830",96.38999176
"1831",95.12623596
"1832",94.43920135
"1833",97.11508942
"1834",96.40917969
"1835",97.43128967
"1836",98.74258423
"1837",98.0905838
"1838",94.47151947
"1839",91.23932648
"1840",64.13970184
"1841",42.73881149
"1842",39.90681458
"1843",31.18411636
"1844",20.5123539
"1845",21.48145485
"1846",24.16539192
"1847",30.92825127
"1848",37.35069656
"1849",41.61204147
"1850",42.59017563
"1851",44.89759827
"1852",45.96583176
"1853",48.91410446
"1854",49.01816177
"1855",50.23598099
"1856",51.48210907
"1857",52.61275101
"1858",56.98656845
"1859",56.45991898
"1860",57.14876556
"1861",57.89345551
"1862",55.04259872
"1863",55.77207565
"1864",57.97796631
"1865",57.68622208
"1866",56.72426605
"1867",57.42206955
"1868",58.50787735
"1869",57.69355011
"1870",57.1269455
"1871",60.21327972
"1872",57.44561386
"1873",60.11011887
"1874",60.84613419
"1875",61.44726944
"1876",61.79946899
"1877",61.32456589
"1878",64.27418518
"1879",64.35725403
"1880",63.3074646
"1881",62.33542252
"1882",63.45996475
"1883",60.44919586
"1884",60.22838211
"1885",60.70438385
"1886",61.03554535
"1887",62.02868271
"1888",64.53135681
"1889",64.64883423
"1890",69.3762207
"1891",69.02519226
"1892",68.61819458
"1893",72.2494812
"1894",72.17316437
"1895",70.70074463
"1896",72.1346817
"1897",69.15222168
"1898",67.91825867
"1899",66.59141541
"1900",68.87944031
"1901",67.6316452
"1902",68.71816254
"1903",67.06188202
"1904",69.31658173
"1905",64.34020996
"1906",66.67466736
"1907",66.83084106
"1908",64.44328308
"1909",61.7321701
"1910",65.06484222
"1911",68.39751434
"1912",70.66725922
"1913",70.66650391
"1914",70.59397888
"1915",74.99616241
"1916",76.09410095
"1917",77.97498322
"1918",72.87937927
"1919",29.42043114
"1920",29.1137352
"1921",40.95169067
"1922",30.13081169
"1923",30.13850403
"1924",34.93657684
"1925",37.17734909
"1926",40.62537003
"1927",41.58856583
"1928",44.11231613
"1929",45.43910217
"1930",45.60239029
"1931",51.32482529
"1932",51.34201813
"1933",53.338871
"1934",51.14329529
"1935",52.00450516
"1936",52.48019409
"1937",51.10956955
"1938",51.93175888
"1939",51.13677597
"1940",50.32235718
"1941",49.67008591
"1942",50.8117981
"1943",50.14691925
"1944",51.44452667
"1945",50.62744141
"1946",53.48820114
"1947",51.99748611
"1948",53.19878769
"1949",71.93073273
"1950",73.17369843
"1951",74.00101471
"1952",75.39038086
"1953",74.93991852
"1954",75.02522278
"1955",75.75647736
"1956",76.76955414
"1957",83.06034088
"1958",87.15837097
"1959",92.44581604
"1960",90.64481354
"1961",90.38270569
"1962",91.54614258
"1963",91.05927277
"1964",93.49745178
"1965",92.34456635
"1966",92.89398193
"1967",94.41700745
"1968",98.44802094
"1969",99.49813843
"1970",101.1745224
"1971",102.6836929
"1972",102.9975357
"1973",99.18698883
"1974",99.06867981
"1975",97.61369324
"1976",98.89697266
"1977",100.9022903
"1978",103.1886444
"1979",103.1860428
"1980",102.8776474
"1981",104.4677582
"1982",104.1283951
"1983",106.8782806
"1984",104.5855408
"1985",103.7567749
"1986",102.8725128
"1987",100.9314346
"1988",104.4001007
"1989",106.6717682
"1990",108.1386032
"1991",107.6197128
"1992",107.5982285
"1993",109.1637573
"1994",109.3590164
"1995",108.6265259
"1996",108.7968445
"1997",108.9671631
"1998",106.4735718
"1999",103.9262085
"2000",103.9116898
"2001",103.2816544
"2002",103.2816544
"2003",103.2816544
"2004",102.651619
"2005",98.0558548
"2006",80.38819504
"2007",62.72053528
"2008",56.75350571
"2009",52.48765182
"2010",53.75536728
"2011",56.28282547
"2012",57.39968872
"2013",57.04988861
"2014",64.46580505
"2015",67.23338318
"2016",69.97563171
"2017",70.71807861
"2018",74.51678467
"2019",75.05696106
"2020",76.28426361
"2021",73.43061829
"2022",73.34706879
"2023",73.42342377
"2024",73.49369812
"2025",73.3680954
"2026",75.86837006
"2027",77.59456635
"2028",79.776474
"2029",82.2613678
"2030",81.55007172
"2031",82.62380219
"2032",85.64152527
"2033",86.91470337
"2034",86.18885803
"2035",86.74461365
"2036",83.34968567
"2037",87.10962677
"2038",87.66485596
"2039",89.75794983
"2040",91.44210052
"2041",91.76476288
"2042",94.37653351
"2043",96.78356171
"2044",96.69750977
"2045",98.40124512
"2046",100.1882401
"2047",97.46582031
"2048",94.32303619
"2049",93.5393219
"2050",93.66243744
"2051",98.10339355
"2052",97.97932434
"2053",93.88736725
"2054",99.3574295
"2055",105.1453323
"2056",103.044899
"2057",102.737587
"2058",104.5526733
"2059",102.0690994
"2060",97.66207886
"2061",91.85024261
"2062",93.04170227
"2063",91.86073303
"2064",96.51264191
"2065",94.72196198
"2066",62.82703018
"2067",54.01308823
"2068",57.53465271
"2069",58.92353821
"2070",60.62353516
"2071",61.71372223
"2072",61.66778946
"2073",59.31245422
"2074",60.01683044
"2075",60.156147
"2076",63.73840332
"2077",65.84621429
"2078",66.47522736
"2079",66.12019348
"2080",67.01307678
"2081",68.13764954
"2082",66.46376801
"2083",66.94367981
"2084",64.17928314
"2085",63.93453217
"2086",65.87458801
"2087",64.68532562
"2088",65.94482422
"2089",67.74763489
"2090",69.94891357
"2091",71.24114227
"2092",71.23896027
"2093",71.49407959
"2094",70.22473907
"2095",71.68711853
"2096",68.92359161
"2097",66.70492554
"2098",66.93539429
"2099",66.95122528
"2100",69.46087646
"2101",68.64572144
"2102",69.4712677
"2103",68.927742
"2104",67.71837616
"2105",69.3287735
"2106",69.12090302
"2107",68.28746033
"2108",68.73989105
"2109",69.12277222
"2110",68.13954926
"2111",69.24880219
"2112",72.27280426
"2113",73.78922272
"2114",76.36099243
"2115",78.49804688
"2116",80.27656555
"2117",84.74271393
"2118",89.70492554
"2119",93.23189545
"2120",94.41509247
"2121",93.33097839
"2122",92.00332642
"2123",91.34024048
"2124",90.94760132
"2125",90.7572403
"2126",90.47598267
"2127",90.27630615
"2128",91.2226181
"2129",91.86904144
"2130",95.11403656
"2131",93.66553497
"2132",90.79148102
"2133",86.34239197
"2134",87.58843994
"2135",85.24134064
"2136",86.39873505
"2137",85.92298889
"2138",87.18841553
"2139",82.92788696
"2140",86.32041931
"2141",83.92330933
"2142",76.077373505
"2143",68.23143768
"2144",72.22632599
"2145",70.60646057
"2146",71.75606537
"2147",73.56282043
"2148",73.96047974
"2149",67.5759201
"2150",67.00035858
"2151",67.31259155
"2152",63.37017441
"2153",59.26424789
"2154",55.98632813
"2155",56.80915833
"2156",58.10289001
"2157",58.42765808
"2158",59.16055679
"2159",57.04418945
"2160",57.66350174
"2161",56.66748428
"2162",52.54243469
"2163",51.68951416
"2164",49.1870079
"2165",52.20370102
"2166",52.49349976
"2167",54.51891327
"2168",57.00450897
"2169",61.46905136
"2170",64.80687714
"2171",62.74777222
"2172",62.79287338
"2173",63.32793808
"2174",66.40687561
"2175",66.20900726
"2176",65.39470673
"2177",65.16883087
"2178",64.23984528
"2179",63.96081543
"2180",64.31919098
"2181",64.97827911
"2182",62.69336319
"2183",66.27349854
"2184",70.900383
"2185",71.8390274
"2186",71.08363342
"2187",71.25268555
"2188",71.43689728
"2189",75.55943298
"2190",76.39750671
"2191",74.55866241
"2192",72.10400391
"2193",78.6011734
"2194",78.76194763
"2195",78.96018982
"2196",80.35359192
"2197",82.70187378
"2198",84.67585754
"2199",84.57982635
"2200",84.94123077
"2201",83.78182983
"2202",88.76342773
"2203",88.90248871
"2204",89.0952301
"2205",90.77612305
"2206",92.25878906
"2207",89.14745331
"2208",91.6357193
"2209",88.60849762
"2210",88.94841766
"2211",87.69928741
"2212",85.78868103
"2213",85.58895111
"2214",87.88639069
"2215",86.06932068
"2216",85.478508
"2217",89.50193024
"2218",88.74503326
"2219",85.28878021
"2220",87.9769516
"2221",87.15312195
"2222",89.75032806
"2223",88.92061615
"2224",87.70079041
"2225",85.97542572
"2226",83.26963806
"2227",78.80162048
"2228",80.14606476
"2229",79.12639618
"2230",78.92066956
"2231",74.70858765
"2232",79.1375885
"2233",77.02799988
"2234",81.66663361
"2235",84.35978699
"2236",85.93349457
"2237",86.29488373
"2238",88.65708923
"2239",84.49781799
"2240",80.06679535
"2241",79.741420745
"2242",79.41604614
"2243",78.05709839
"2244",83.00428772
"2245",86.31326294
"2246",81.21840668
"2247",82.73413849
"2248",85.40797424
"2249",86.0501709
"2250",88.41678619
"2251",90.04115295
"2252",98.97942352
"2253",97.01193237
"2254",96.23085785
"2255",105.8164215
"2256",99.059844965
"2257",92.30326843
"2258",95.42099762
"2259",94.70671082
"2260",96.1387558
"2261",100.9065552
"2262",109.012764
"2263",104.0152283
"2264",102.9279327
"2265",101.1514816
"2266",100.5058289
"2267",99.46153259
"2268",102.6770172
"2269",98.7942276
"2270",101.6269684
"2271",100.260849
"2272",95.24121094
"2273",94.81768799
"2274",94.51712036
"2275",93.22071075
"2276",93.36179352
"2277",89.10241699
"2278",87.4814682
"2279",81.08472443
"2280",84.21482849
"2281",86.87085724
"2282",85.17720032
"2283",81.6475296
"2284",83.68356323
"2285",83.53341675
"2286",84.11686707
"2287",82.8008194
"2288",75.04044342
"2289",50.66018677
"2290",33.91489792
"2291",28.994627
"2292",34.89259338
"2293",34.83612823
"2294",36.58589554
"2295",23.2906208
"2296",17.92680168
"2297",27.01925468
"2298",28.13857269
"2299",31.58372307
"2300",26.17836952
"2301",19.96614075
"2302",19.28792953
"2303",21.04305267
"2304",22.75025558
"2305",26.09830856
"2306",25.72374153
"2307",26.69911194
"2308",28.53190994
"2309",28.40598869
"2310",27.98711777
"2311",29.1028347
"2312",27.7931366
"2313",27.83089447
"2314",28.30994034
"2315",29.95267487
"2316",32.50998688
"2317",32.44626999
"2318",37.368297575
"2319",37.368297575
"2320",42.29032516
"2321",50.71411133
"2322",58.96526337
"2323",61.76207352
"2324",66.49424744
"2325",71.24873352
"2326",73.92092133
"2327",75.37281799
"2328",72.45855713
"2329",69.92784882
"2330",84.98776245
"2331",93.69740295
"2332",112.3573761
"2333",114.3030167
"2334",104.812767
"2335",95.81082916
"2336",92.9568634
"2337",93.96353912
"2338",94.17366791
"2339",91.08543396
"2340",82.2179718
"2341",82.59436035
"2342",85.75588989
"2343",90.78704834
"2344",91.79637146
"2345",92.72525787
"2346",92.04710388
"2347",92.13639069
"2348",93.30503845
"2349",96.90978241
"2350",98.9382782
"2351",96.24803162
"2352",89.8024292
"2353",89.09628296
"2354",85.26182556
"2355",98.72038269
"2356",110.8224792
"2357",103.3743973
"2358",95.83578491
"2359",94.71030426
"2360",91.00463867
"2361",94.2906189
"2362",93.40953064
"2363",95.79647064
"2364",91.206604
"2365",85.0065155
"2366",85.40299225
"2367",86.7297287
"2368",92.41906738
"2369",94.60243225
"2370",94.52645874
"2371",93.0927887
"2372",95.95090485
"2373",98.068363175
"2374",100.1858215
"2375",100.3187866
"2376",100.4517517
"2377",97.58065033
"2378",93.36954498
"2379",91.44073486
"2380",99.59695435
"2381",102.9510269
"2382",102.3297958
"2383",99.51398468
"2384",97.70388794
"2385",95.8937912
"2386",99.91110229
"2387",100.8592529
"2388",99.8815918
"2389",96.94126892
"2390",94.00094604
"2391",96.1560173
"2392",98.31108856
"2393",99.48921967
"2394",98.6985321
"2395",98.06040192
"2396",95.51638794
"2397",47.53223038
"2398",35.2901268
"2399",35.91671753
"2400",38.07547379
"2401",39.43251801
"2402",43.68508911
"2403",47.19115829
"2404",49.45007324
"2405",52.97967148
"2406",68.31303406
"2407",74.78670502
"2408",74.54314423
"2409",70.6188736
"2410",72.02555847
"2411",68.96086121
"2412",71.55438232
"2413",68.62310791
"2414",72.03247833
"2415",73.47943115
"2416",75.50534821
"2417",79.79090881
"2418",81.24259949
"2419",81.69591522
"2420",107.654686
"2421",106.8241043
"2422",107.7365036
"2423",104.903595
"2424",104.716507
"2425",106.4416275
"2426",105.8913803
"2427",100.367424
"2428",100.2562332
"2429",98.49835968
"2430",98.16144562
"2431",97.51027679
"2432",99.35569
"2433",91.94036102
"2434",91.53462219
"2435",91.04153442
"2436",91.61772919
"2437",93.58057404
"2438",95.27238464
"2439",95.08712769
"2440",92.4240799
"2441",92.73789215
"2442",95.56130219
"2443",93.69296265
"2444",89.41627502
"2445",84.78705597
"2446",82.86902618
"2447",82.70453644
"2448",87.81252289
"2449",85.52185059
"2450",82.52615356
"2451",80.62947845
"2452",80.66130066
"2453",82.46389771
"2454",81.16845703
"2455",77.35276031
"2456",76.04393005
"2457",77.69780731
"2458",74.00697327
"2459",70.79281616
"2460",69.15087128
"2461",67.23625946
"2462",65.95439911
"2463",60.45871735
"2464",57.6758461
"2465",58.66272736
"2466",60.63301086
"2467",60.95650101
"2468",62.3848114
"2469",64.84722137
"2470",66.84716034
"2471",70.48274231
"2472",71.56304169
"2473",74.27713013
"2474",77.00537109
"2475",79.37341309
"2476",80.08973694
"2477",82.67118073
"2478",83.674263
"2479",86.31993103
"2480",86.68118286
"2481",88.18653107
"2482",89.25922394
"2483",87.72808075
"2484",87.63460541
"2485",89.59490967
"2486",91.45948792
"2487",93.55170441
"2488",91.05014038
"2489",93.25450897
"2490",95.95665741
"2491",97.0351181
"2492",93.82867432
"2493",93.00896454
"2494",94.60031891
"2495",96.91453552
"2496",93.60457611
"2497",93.1661377
"2498",95.69373322
"2499",98.61354065
"2500",95.77100372
"2501",96.4033432
"2502",94.1654129
"2503",90.61175537
"2504",92.38387299
"2505",91.63861084
"2506",88.61802673
"2507",84.16836548
"2508",80.18492126
"2509",77.52327728
"2510",76.3673172
"2511",72.63830566
"2512",54.41264343
"2513",44.21334839
"2514",42.31269836
"2515",38.66218948
"2516",36.81845474
"2517",35.16307068
"2518",37.33431625
"2519",41.37814713
"2520",43.78648758
"2521",45.23635483
"2522",45.54174805
"2523",47.05735016
"2524",48.82601547
"2525",55.23994827
"2526",57.01593781
"2527",59.25956726
"2528",61.69580078
"2529",66.11408234
"2530",68.98014832
"2531",68.95822144
"2532",68.23205566
"2533",71.15377808
"2534",69.00732422
"2535",59.38064194
"2536",38.34486771
"2537",31.74404144
"2538",32.32837296
"2539",33.26363373
"2540",32.40462112
"2541",34.57275391
"2542",37.770401
"2543",37.63497162
"2544",40.0452652
"2545",42.42218018
"2546",43.16500092
"2547",40.83117294
"2548",39.81877899
"2549",40.73860168
"2550",40.032444
"2551",41.10316849
"2552",40.27867126
"2553",41.11262131
"2554",43.05810165
"2555",44.17684555
"2556",44.50938034
"2557",42.34571075
"2558",43.69571686
"2559",41.39950562
"2560",42.22855759
"2561",43.28657913
"2562",45.63256836
"2563",47.01554489
"2564",46.29554367
"2565",47.61662292
"2566",47.23140335
"2567",46.65711975
"2568",45.76047897
"2569",44.18612289
"2570",45.45222473
"2571",45.56954575
"2572",44.93033981
"2573",46.57125473
"2574",45.98184967
"2575",48.83897018
"2576",49.22720337
"2577",47.80845261
"2578",50.51922607
"2579",52.20176697
"2580",51.43960571
"2581",52.84628677
"2582",51.24649429
"2583",50.73788834
"2584",50.6756134
"2585",49.23961258
"2586",49.8206749
"2587",48.77238464
"2588",49.32124329
"2589",50.71623993
"2590",50.14818192
"2591",48.23073196
"2592",45.70328522
"2593",48.84131241
"2594",51.8759079
"2595",48.60027313
"2596",50.69999695
"2597",50.97907257
"2598",49.52967834
"2599",50.17588425
"2600",51.36997223
"2601",53.40443802
"2602",56.65234375
"2603",56.05323792
"2604",52.62213135
"2605",49.99159622
"2606",44.19510269
"2607",44.02447128
"2608",43.07415009
"2609",46.06075668
"2610",47.08307266
"2611",47.14114761
"2612",49.66637802
"2613",49.22717285
"2614",49.58125305
"2615",51.66223907
"2616",52.91923523
"2617",54.72704315
"2618",56.77906418
"2619",55.99051666
"2620",55.98006058
"2621",52.81911469
"2622",54.92353058
"2623",56.88960266
"2624",60.12356567
"2625",61.65839386
"2626",61.59106064
"2627",62.31381607
"2628",67.10965729
"2629",68.75717163
"2630",69.13948822
"2631",69.33363342
"2632",69.31215668
"2633",66.27823639
"2634",70.21802521
"2635",71.93450165
"2636",75.84083557
"2637",74.24225616
"2638",74.84851837
"2639",73.66308594
"2640",75.09525299
"2641",77.86965942
"2642",78.62020111
"2643",78.69403839
"2644",79.70664215
"2645",78.17732239
"2646",81.03226471
"2647",81.49623871
"2648",80.78105927
"2649",79.92492676
"2650",78.46646881
"2651",80.26849365
"2652",82.9648056
"2653",89.16370392
"2654",96.74456787
"2655",98.92756653
"2656",100.5444183
"2657",102.0719223
"2658",101.9267502
"2659",103.2865219
"2660",104.4294815
"2661",105.5991745
"2662",102.8386536
"2663",102.6314774
"2664",100.6162338
"2665",101.1312256
"2666",100.80159
"2667",100.9027328
"2668",101.0567703
"2669",104.3783035
"2670",103.2050781
"2671",101.8439789
"2672",102.4903107
"2673",103.2955704
"2674",102.3183136
"2675",100.3424835
"2676",99.03059387
"2677",95.7196579
"2678",96.05172729
"2679",94.43440247
"2680",96.66078186
"2681",96.4098053
"2682",96.79309082
"2683",98.47055817
"2684",101.70961
"2685",105.2923584
"2686",107.3156967
"2687",105.2413559
"2688",101.4196472
"2689",96.02431488
"2690",92.70243835
"2691",94.39971161
"2692",94.12438202
"2693",95.94164276
"2694",99.49665833
"2695",102.0758209
"2696",98.49105835
"2697",100.3204651
"2698",102.318428
"2699",97.83821106
"2700",95.46781158
"2701",87.85972595
"2702",86.75910187
"2703",90.39588165
"2704",94.15084076
"2705",96.74793243
"2706",97.93132782
"2707",98.29101563
"2708",99.39862823
"2709",105.7325211
"2710",103.3955231
"2711",105.3014755
"2712",98.60514069
"2713",89.43778992
"2714",83.98140717
"2715",79.72832489
"2716",70.20870972
"2717",71.53918457
"2718",74.75426483
"2719",80.66298676
"2720",76.56038666
"2721",64.83124542
"2722",65.2730484
"2723",60.40361786
"2724",60.21397018
"2725",58.18882751
"2726",52.84375
"2727",50.14633179
"2728",48.5585022
"2729",50.36233139
"2730",50.96923828
"2731",49.88645172
"2732",52.74571228
"2733",54.89011383
"2734",54.67905045
"2735",56.97156906
"2736",57.5774765
"2737",59.26131821
"2738",59.85968781
"2739",60.7710495
"2740",61.88257217
"2741",62.11676025
"2742",63.74561691
"2743",64.41623688
"2744",64.34757233
"2745",64.7843399
"2746",66.37698364
"2747",66.53104401
"2748",65.98179626
"2749",64.75830841
"2750",61.89385605
"2751",64.59500885
"2752",63.84658813
"2753",63.23822021
"2754",63.96618271
"2755",63.76039124
"2756",60.98406982
"2757",59.15348053
"2758",57.77106476
"2759",48.5070343
"2760",46.58184052
"2761",45.17750931
"2762",44.00750732
"2763",45.80871582
"2764",46.15972137
"2765",47.87856293
"2766",50.59972
"2767",53.00447845
"2768",55.5654068
"2769",56.60974121
"2770",58.08607864
"2771",56.05120468
"2772",58.30464554
"2773",60.73621368
"2774",58.78653717
"2775",58.10844803
"2776",57.83996964
"2777",57.05496597
"2778",56.41243744
"2779",58.72850037
"2780",58.05086517
"2781",60.99072647
"2782",60.91663361
"2783",62.48471451
"2784",63.52558136
"2785",65.64884949
"2786",65.41049194
"2787",68.01512146
"2788",68.18006897
"2789",65.71232605
"2790",67.86550903
"2791",68.30872345
"2792",70.57798004
"2793",70.08746338
"2794",70.47799683
"2795",72.63009644
"2796",72.45345306
"2797",73.99758148
"2798",76.73116302
"2799",75.2750473
"2800",78.65409851
"2801",78.49962616
"2802",79.52557373
"2803",80.78934479
"2804",81.23888397
"2805",83.35003662
"2806",81.15003204
"2807",83.53379059
"2808",85.2490921
"2809",83.66870117
"2810",85.14893341
"2811",86.6370697
"2812",86.03590393
"2813",84.53769684
"2814",86.23496246
"2815",88.22917938
"2816",89.22117615
"2817",91.21115875
"2818",93.91176605
"2819",92.14255524
"2820",93.67680359
"2821",96.60738373
"2822",99.5381012
"2823",102.7819595
"2824",101.7218399
"2825",101.5506058
"2826",101.0926895
"2827",104.9219894
"2828",102.6290207
"2829",106.5944595
"2830",107.8778381
"2831",106.5489273
"2832",104.5075531
"2833",104.7735977
"2834",94.81609344
"2835",11.9738493
"2836",15.34217453
"2837",20.90568924
"2838",26.05609894
"2839",31.22402954
"2840",45.41910934
"2841",56.98762512
"2842",60.24708939
"2843",68.73114014
"2844",64.55438232
"2845",61.41219711
"2846",63.02915573
"2847",61.05715179
"2848",60.9185257
"2849",60.1702652
"2850",57.65329742
"2851",56.44931412
"2852",55.95859528
"2853",55.59796524
"2854",55.56174469
"2855",54.52633667
"2856",55.3991127
"2857",55.92797852
"2858",55.26350784
"2859",52.78707504
"2860",52.79057693
"2861",54.08364868
"2862",56.29973984
"2863",56.71154785
"2864",56.07079315
"2865",58.33758163
"2866",60.1097908
"2867",60.02109909
"2868",59.89881897
"2869",60.63131714
"2870",61.57362366
"2871",64.03562164
"2872",66.78159332
"2873",66.46155548
"2874",70.93484497
"2875",70.5296402
"2876",70.4084549
"2877",71.45226288
"2878",72.43598938
"2879",72.66930389
"2880",71.19037628
"2881",72.2875824
"2882",74.22388458
"2883",73.85889435
"2884",72.09687805
"2885",73.84755707
"2886",76.50637817
"2887",75.66299438
"2888",73.78549194
"2889",76.38884735
"2890",76.13726044
"2891",77.0858078
"2892",78.02432251
"2893",75.46874237
"2894",76.83391571
"2895",79.18517303
"2896",77.76982117
"2897",78.95317078
"2898",77.04884338
"2899",76.39950562
"2900",79.5038147
"2901",78.82009888
"2902",79.02779388
"2903",76.12332916
"2904",75.62937927
"2905",74.30899048
"2906",75.41814423
"2907",74.64658356
"2908",76.09382629
"2909",73.85617828
"2910",76.08148193
"2911",77.3733902
"2912",75.95611572
"2913",78.29756927
"2914",78.06381989
"2915",78.51095581
"2916",77.16776276
"2917",77.68687439
"2918",75.2321167
"2919",79.80341339
"2920",80.892555235
"2921",81.98169708
"2922",90.39832306
"2923",96.26979828
"2924",95.00418854
"2925",94.15248108
"2926",93.39326477
"2927",93.26330566
"2928",89.65338898
"2929",90.10555267
"2930",89.00847626
"2931",87.55120087
"2932",86.87699127
"2933",81.45922089
"2934",75.54502106
"2935",70.47263336
"2936",62.61523438
"2937",57.38161469
"2938",56.49377823
"2939",61.69815063
"2940",64.42686462
"2941",67.974845885
"2942",71.52282715
"2943",68.09079742
"2944",69.51845551
"2945",65.64611053
"2946",63.84417725
"2947",65.32868195
"2948",64.66579437
"2949",65.24128723
"2950",69.43597412
"2951",72.5400238
"2952",70.5923233
"2953",72.265625
"2954",71.92411804
"2955",72.50827789
"2956",70.88249207
"2957",70.41764832
"2958",69.745224
"2959",69.30069733
"2960",69.94552612
"2961",70.11961365
"2962",68.66807556
"2963",68.48744965
"2964",69.16191101
"2965",66.0368042
"2966",63.58082581
"2967",60.80296707
"2968",59.88340378
"2969",55.46718216
"2970",57.1634903
"2971",53.60193253
"2972",54.86684036
"2973",56.97121811
"2974",52.63001633
"2975",55.2636261
"2976",55.37221146
"2977",54.40441513
"2978",53.51039124
"2979",50.1923027
"2980",53.36603928
"2981",52.15672684
"2982",48.91111374
"2983",55.23710632
"2984",53.93041229
"2985",53.92327118
"2986",57.37204361
"2987",61.46091843
"2988",60.4549942
"2989",61.28959656
"2990",60.87038803
"2991",58.5849762
"2992",56.89326096
"2993",55.45148849
"2994",57.9352684
"2995",59.46128464
"2996",59.24938965
"2997",55.52006149
"2998",62.54029083
"2999",63.97850418
"3000",66.07783508
"3001",67.18695831
"3002",65.97692871
"3003",68.70644379
"3004",68.90139008
"3005",69.44519043
"3006",66.26295471
"3007",67.41777802
"3008",69.49295044
"3009",70.40992737
"3010",72.53956604
"3011",76.37545013
"3012",78.14772034
"3013",77.24237823
"3014",83.55152893
"3015",85.63539886
"3016",87.10116577
"3017",87.74481201
"3018",90.115448
"3019",95.92876434
"3020",96.41860199
"3021",107.0210419
"3022",103.5036316
"3023",104.539444
"3024",103.2580261
"3025",101.4909363
"3026",103.0806046
"3027",101.7237167
"3028",103.7703323
"3029",102.731369
"3030",104.1391296
"3031",103.1221313
"3032",77.59783173
"3033",50.21925735
"3034",21.95876884
"3035",22.40735817
"3036",25.25623322
"3037",25.04436493
"3038",21.92329597
"3039",28.38226318
"3040",32.15457916
"3041",39.16556931
"3042",43.07503128
"3043",47.4554863
"3044",57.01704788
"3045",68.94493866
"3046",74.11444855
"3047",77.9079895
"3048",78.75199127
"3049",79.91429901
"3050",80.52124023
"3051",83.73067474
"3052",85.05365753
"3053",88.42236328
"3054",87.84147644
"3055",87.2605896
"3056",82.81988144
"3057",78.37917328
"3058",74.70779419
"3059",71.91124725
"3060",51.74863052
"3061",41.35980988
"3062",39.036088945
"3063",36.71236801
"3064",48.04014778
"3065",48.04014778
"3066",59.36792755
"3067",64.57460785
"3068",75.55497742
"3069",74.471199035
"3070",73.38742065
"3071",73.13903809
"3072",73.442310335
"3073",73.74558258
"3074",75.49594116
"3075",80.581169125
"3076",80.581169125
"3077",80.581169125
"3078",85.66639709
"3079",87.688682555
"3080",87.688682555
"3081",89.71096802
"3082",95.31699371
"3083",98.712421405
"3084",102.1078491
"3085",98.01599121
"3086",102.1533813
"3087",101.1403275
"3088",102.2434998
"3089",102.6686478
"3090",98.46290588
"3091",101.8386917
"3092",103.20580675
"3093",103.20580675
"3094",103.20580675
"3095",104.5729218
"3096",103.4536285
"3097",101.054512
"3098",98.17202759
"3099",95.2237854
"3100",97.39102936
"3101",100.3365173
"3102",102.4006805
"3103",107.4482651
"3104",105.9567566
"3105",106.0775299
"3106",108.1667862
"3107",110.6671448
"3108",109.9311066
"3109",108.5776596
"3110",106.3088531
"3111",105.4700012
"3112",101.724472
"3113",105.0354919
"3114",105.2062988
"3115",93.16236877
"3116",68.28791809
"3117",26.97507477
"3118",10.56446171
"3119",11.15445328
"3120",12.13399601
"3121",14.00096607
"3122",15.18802166
"3123",15.2852459
"3124",15.17513847
"3125",16.09259415
"3126",16.11338425
"3127",19.12482071
"3128",21.03660011
"3129",25.48871994
"3130",32.14496231
"3131",33.12365341
"3132",34.96199417
"3133",37.03097153
"3134",38.18708801
"3135",40.55438614
"3136",44.63355637
"3137",53.19528198
"3138",61.2093544
"3139",63.67188263
"3140",67.04245758
"3141",68.46469116
"3142",80.57348633
"3143",93.35839844
"3144",103.9595642
"3145",114.9954987
"3146",119.7525482
"3147",118.7280273
"3148",116.5634232
"3149",118.8796616
"3150",119.1760788
"3151",120.7546463
"3152",122.0386505
"3153",120.9713135
"3154",119.5711212
"3155",115.1773605
"3156",112.5513306
"3157",109.4178696
"3158",107.3217468
"3159",107.536171
"3160",106.8028107
"3161",107.5584564
"3162",112.7431641
"3163",113.6357193
"3164",111.7715073
"3165",110.1096268
"3166",103.4409485
"3167",99.91697693
"3168",100.2292557
"3169",97.68989563
"3170",96.89738464
"3171",97.21990204
"3172",104.2884293
"3173",106.5215912
"3174",106.3776779
"3175",107.3220215
"3176",107.7904663
"3177",106.0249405
"3178",102.1826401
"3179",101.1407547
"3180",100.8531113
"3181",99.35993195
"3182",99.42373657
"3183",97.8640976
"3184",96.62291718
"3185",96.77199554
"3186",96.16917419
"3187",94.24954987
"3188",94.80711365
"3189",92.21765137
"3190",79.03193665
"3191",71.46669006
"3192",67.61101532
"3193",65.24786377
"3194",61.08864594
"3195",62.76531219
"3196",64.32208252
"3197",63.84994888
"3198",67.68871307
"3199",70.3805542
"3200",72.85945129
"3201",73.51807404
"3202",76.76367188
"3203",72.57139587
"3204",41.49980545
"3205",38.14980698
"3206",37.67721558
"3207",37.59677124
"3208",38.83904266
"3209",42.60537338
"3210",43.63006973
"3211",44.37652206
"3212",48.39591599
"3213",45.77807236
"3214",46.20516205
"3215",46.22623062
"3216",49.30838394
"3217",46.86750412
"3218",49.88488007
"3219",50.90726471
"3220",52.68257141
"3221",54.30420685
"3222",56.14656448
"3223",55.60792542
"3224",55.25657272
"3225",54.08358765
"3226",55.47264099
"3227",48.13349152
"3228",38.45082474
"3229",30.21860695
"3230",29.91174126
"3231",30.97906113
"3232",31.8185997
"3233",34.63437653
"3234",37.33016205
"3235",36.78755569
"3236",35.89413834
"3237",38.70764923
"3238",38.49859619
"3239",39.17123795
"3240",42.0150032
"3241",43.12760544
"3242",46.21311951
"3243",48.55948639
"3244",49.29676437
"3245",53.28691483
"3246",53.55335236
"3247",57.26913071
"3248",61.24536514
"3249",60.70362854
"3250",62.9007225
"3251",63.97014618
"3252",68.31307983
"3253",70.03406525
"3254",72.1878891
"3255",72.50288391
"3256",72.97446442
"3257",74.72845459
"3258",76.38977814
"3259",77.71021271
"3260",78.0853653
"3261",83.14138031
"3262",88.93823242
"3263",93.61319733
"3264",95.85884857
"3265",95.23581696
"3266",97.70915222
"3267",99.64349365
"3268",98.2212677
"3269",97.77840424
"3270",98.65898895
"3271",100.2890015
"3272",101.7261887
"3273",101.5854111
"3274",99.90171051
"3275",99.73802948
"3276",103.8269119
"3277",100.7229462
"3278",101.2390289
"3279",102.8223495
"3280",98.28018951
"3281",97.07422638
"3282",96.53883362
"3283",96.26874542
"3284",96.89167023
"3285",99.16590881
"3286",100.5990219
"3287",98.65327454
"3288",100.1267853
"3289",102.6635742
"3290",101.3178787
"3291",99.34101105
"3292",100.1479187
"3293",93.75641632
"3294",93.1537323
"3295",91.31998444
"3296",92.77014923
"3297",93.85205841
"3298",95.51114655
"3299",99.66031647
"3300",100.5539322
"3301",98.49991608
"3302",97.39707184
"3303",99.11418152
"3304",101.0861206
"3305",101.0472717
"3306",98.6804657
"3307",93.34317017
"3308",92.0893631
"3309",96.07038879
"3310",98.22659302
"3311",103.5120926
"3312",104.3426056
"3313",103.9495468
"3314",108.8442764
"3315",110.085556
"3316",110.9159775
"3317",111.1690903
"3318",110.5055008
"3319",105.6813049
"3320",104.489418
"3321",106.3482132
"3322",106.7154007
"3323",108.4635773
"3324",106.5994492
"3325",105.6104813
"3326",109.2197266
"3327",107.3401871
"3328",108.0209122
"3329",112.1223373
"3330",106.8675537
"3331",106.3013
"3332",102.2949829
"3333",102.0837021
"3334",101.7354584
"3335",103.8068848
"3336",105.3641663
"3337",104.8387451
"3338",105.6730042
"3339",105.6585388
"3340",109.5329971
"3341",108.2145157
"3342",106.2680359
"3343",102.2562103
"3344",98.04956818
"3345",96.34515381
"3346",98.0968399
"3347",101.1787033
"3348",101.143074
"3349",103.8278732
"3350",105.12957
"3351",103.1424866
"3352",104.0445328
"3353",107.68647
"3354",108.273262
"3355",55.905484426
"3356",3.537706852
"3357",18.21875191
"3358",22.64080429
"3359",26.12753487
"3360",29.37059975
"3361",30.40854263
"3362",29.35295677
"3363",29.79726791
"3364",33.00884247
"3365",34.36646652
"3366",34.20675659
"3367",34.34122086
"3368",32.85364151
"3369",32.52773285
"3370",32.10170746
"3371",36.48937225
"3372",37.22750854
"3373",38.58473587
"3374",41.04250717
"3375",40.10439682
"3376",39.52241516
"3377",37.77530289
"3378",39.65089035
"3379",44.54428482
"3380",46.38204193
"3381",45.41276932
"3382",47.1172905
"3383",48.26306534
"3384",47.62869644
"3385",51.6754837
"3386",52.96833038
"3387",54.42840958
"3388",57.72519302
"3389",59.41942215
"3390",65.98160553
"3391",71.83384705
"3392",79.71336365
"3393",82.12556458
"3394",83.00919342
"3395",81.78968811
"3396",83.64505005
"3397",82.55044556
"3398",89.12861633
"3399",87.88082886
"3400",83.35279083
"3401",87.69772339
"3402",93.67219543
"3403",94.37768555
"3404",102.0050659
"3405",103.1567459
"3406",92.30740356
"3407",92.76174927
"3408",91.44303894
"3409",94.51708984
"3410",98.64337158
"3411",97.76126099
"3412",97.22127533
"3413",100.0907822
"3414",103.7896881
"3415",106.7724304
"3416",107.5701752
"3417",105.1185684
"3418",95.82316589
"3419",94.41162872
"3420",93.25666809
"3421",91.96019745
"3422",96.66773224
"3423",99.05145264
"3424",98.72318268
"3425",100.6726227
"3426",101.1141129
"3427",100.5167007
"3428",105.2485199
"3429",108.8675537
"3430",103.4978714
"3431",101.1501846
"3432",103.4308624
"3433",106.940567
"3434",110.2788086
"3435",112.5332031
"3436",113.7337036
"3437",115.8255539
"3438",113.1438904
"3439",109.8950424
"3440",92.07740021
"3441",68.74337769
"3442",56.87361145
"3443",56.0556221
"3444",60.10341644
"3445",65.81934357
"3446",65.74040985
"3447",30.08104515
"3448",29.29628372
"3449",35.86123657
"3450",36.20870209
"3451",36.23212433
"3452",34.20930481
"3453",35.40994263
"3454",36.59349823
"3455",37.89330292
"3456",37.64700317
"3457",39.11575699
"3458",39.83006668
"3459",39.27974701
"3460",39.30847549
"3461",40.01996994
"3462",39.92556763
"3463",38.675354
"3464",39.45776367
"3465",38.57506943
"3466",37.57191467
"3467",38.2233696
"3468",39.7648735
"3469",42.68556595
"3470",43.48995209
"3471",44.25691223
"3472",46.65542603
"3473",45.50508118
"3474",46.71476364
"3475",47.44943619
"3476",46.99459457
"3477",49.78932953
"3478",50.85286331
"3479",54.75831223
"3480",55.13217545
"3481",56.7211113
"3482",56.8018837
"3483",61.49310684
"3484",60.76113892
"3485",59.67269135
"3486",58.98368454
"3487",58.5496254
"3488",60.02684402
"3489",62.16869736
"3490",65.05490875
"3491",64.09736633
"3492",66.67971802
"3493",66.48571777
"3494",66.75429535
"3495",70.42918396
"3496",72.13240051
"3497",73.46466064
"3498",70.8997879
"3499",68.506816865
"3500",68.506816865
"3501",66.11384583
"3502",76.36927795
"3503",67.18854523
"3504",76.02536774
"3505",74.68418121
"3506",73.85955048
"3507",73.55404663
"3508",76.89592743
"3509",78.34523773
"3510",71.59249878
"3511",53.128362655
"3512",34.66422653
"3513",36.6584053
"3514",37.94291687
"3515",41.08998108
"3516",42.26753998
"3517",46.33756256
"3518",47.6218071
"3519",48.94382477
"3520",52.38910294
"3521",51.56393051
"3522",51.36177444
"3523",42.07607269
"3524",39.04615402
"3525",38.15319061
"3526",35.87690353
"3527",34.62865448
"3528",35.76688004
"3529",33.94758224
"3530",33.63180542
"3531",32.89850616
"3532",33.745224
"3533",36.44598389
"3534",38.04046249
"3535",41.19997025
"3536",41.65129089
"3537",41.01504135
"3538",43.28922653
"3539",41.95504761
"3540",42.77773666
"3541",38.63169479
"3542",40.23485947
"3543",42.94178391
"3544",42.4018364
"3545",43.34633636
"3546",42.70669174
"3547",45.36795044
"3548",44.15865707
"3549",45.48921204
"3550",45.03055954
"3551",45.89823151
"3552",48.60353851
"3553",49.05088806
"3554",53.63143921
"3555",60.60317612
"3556",62.82065964
"3557",65.17286682
"3558",64.84190369
"3559",66.2651062
"3560",65.51342773
"3561",65.02557373
"3562",66.9453125
"3563",68.35205841
"3564",71.58041382
"3565",70.37689209
"3566",73.71016693
"3567",74.82059479
"3568",77.71217346
"3569",79.98698425
"3570",79.1533432
"3571",79.86167145
"3572",80.91408539
"3573",81.17237854
"3574",82.28092194
"3575",83.09438324
"3576",82.50640869
"3577",81.8844986
"3578",83.8765564
"3579",85.05757141
"3580",86.18972015
"3581",85.87169647
"3582",89.08757782
"3583",93.87302399
"3584",98.10664368
"3585",104.7157288
"3586",106.2927628
"3587",106.4650345
"3588",105.6246643
"3589",107.5648346
"3590",108.5179214
"3591",110.5164719
"3592",109.3174744
"3593",108.658783
"3594",107.851532
"3595",106.5155487
"3596",101.7385941
"3597",98.6076355
"3598",94.0917511
"3599",93.7518158
"3600",93.32582855
"3601",95.01843262
"3602",99.24016571
"3603",101.5780869
"3604",101.3254395
"3605",102.5642776
"3606",103.8441315
"3607",105.4988403
"3608",103.2799988
"3609",104.9829788
"3610",104.9901352
"3611",102.2134705
"3612",103.9789658
"3613",104.3173218
"3614",104.4190216
"3615",102.9970169
"3616",101.9795303
"3617",95.95194244
"3618",91.18849182
"3619",67.99398804
"3620",50.46980286
"3621",61.94659042
"3622",79.59965515
"3623",76.9497757
"3624",65.3276062
"3625",55.37833023
"3626",57.05400085
"3627",56.89437103
"3628",58.79319
"3629",60.69200897
"3630",62.91836929
"3631",64.82731628
"3632",65.385849
"3633",67.56510925
"3634",72.18449402
"3635",71.0676651
"3636",71.39505005
"3637",73.98249054
"3638",73.05801392
"3639",72.17771912
"3640",72.48822784
"3641",71.57196808
"3642",71.26350403
"3643",71.09824371
"3644",71.31735992
"3645",71.41222382
"3646",72.46264648
"3647",71.33366394
"3648",72.03662872
"3649",72.09400177
"3650",70.39598846
"3651",69.5814209
"3652",68.31027985
"3653",66.67926788
"3654",65.95366669
"3655",65.9571991
"3656",65.91648102
"3657",66.1656723
"3658",68.31893921
"3659",68.83934784
"3660",69.56628418
"3661",69.64830017
"3662",69.89927673
"3663",70.0562973
"3664",70.31254578
"3665",71.27428436
"3666",73.69179535
"3667",73.94054413
"3668",73.68362427
"3669",74.55030823
"3670",75.97245026
"3671",77.72038269
"3672",78.18914032
"3673",81.58868408
"3674",82.37549591
"3675",81.67392731
"3676",78.26251984
"3677",79.13069916
"3678",79.99326324
"3679",78.26689911
"3680",81.07943726
"3681",80.57469177
"3682",80.24843597
"3683",81.29625702
"3684",81.61152649
"3685",82.86024475
"3686",84.80895996
"3687",84.29385376
"3688",86.72312927
"3689",85.81620789
"3690",84.95990753
"3691",85.79064941
"3692",85.32941437
"3693",86.89115143
"3694",87.48148346
"3695",87.77082825
"3696",87.11299133
"3697",87.45928192
"3698",88.18325043
"3699",86.21547699
"3700",87.04933929
"3701",87.24200439
"3702",88.20298767
"3703",86.69669342
"3704",86.63848114
"3705",87.00406647
"3706",92.32350922
"3707",91.36824036
"3708",92.06944275
"3709",93.72083282
"3710",97.35666656
"3711",99.60523987
"3712",96.57284546
"3713",96.8399353
"3714",95.97742462
"3715",93.26663971
"3716",91.48895264
"3717",91.48339081
"3718",91.26154327
"3719",93.02279663
"3720",91.93434143
"3721",93.1025238
"3722",94.38127899
"3723",95.55420685
"3724",95.25117493
"3725",94.56563568
"3726",93.48000336
"3727",92.56737518
"3728",90.8740921
"3729",90.97885895
"3730",93.81147003
"3731",92.84680939
"3732",92.92271423
"3733",95.69100189
"3734",95.35102844
"3735",92.90339661
"3736",96.31799316
"3737",96.72931671
"3738",94.82611084
"3739",93.84644318
"3740",91.70439148
"3741",91.8320694
"3742",91.50250244
"3743",92.66851807
"3744",90.80934143
"3745",90.99204254
"3746",91.4482193
"3747",97.29023743
"3748",96.29823303
"3749",95.70110321
"3750",94.95501709
"3751",93.01934052
"3752",91.00778198
"3753",86.90512848
"3754",85.17046356
"3755",87.11075592
"3756",88.0684433
"3757",87.43021393
"3758",67.77376556
"3759",50.98845673
"3760",45.63966751
"3761",45.32424927
"3762",44.41486359
"3763",45.26374054
"3764",50.69716644
"3765",51.2680397
"3766",51.70377731
"3767",54.95380402
"3768",55.75929642
"3769",56.40005112
"3770",57.36081696
"3771",60.01561737
"3772",60.12945557
"3773",62.41005325
"3774",61.72408295
"3775",67.21316528
"3776",67.84442139
"3777",67.00652313
"3778",69.31360626
"3779",71.46433258
"3780",73.68798065
"3781",75.63065338
"3782",76.22193146
"3783",77.10462189
"3784",77.76708221
"3785",77.43504333
"3786",76.93038177
"3787",79.48426056
"3788",80.25937653
"3789",79.24649048
"3790",78.38035583
"3791",80.82450867
"3792",80.68883514
"3793",82.44602966
"3794",82.35586548
"3795",83.02315521
"3796",82.03287506
"3797",83.87414551
"3798",85.52253723
"3799",90.02577972
"3800",89.38505554
"3801",91.07117462
"3802",91.5634613
"3803",94.43781281
"3804",97.80902863
"3805",98.82790375
"3806",99.30563354
"3807",98.96194458
"3808",99.65600586
"3809",99.12631226
"3810",98.74607086
"3811",98.76667023
"3812",99.64428711
"3813",98.65159607
"3814",98.07036591
"3815",96.89163208
"3816",96.22291565
"3817",97.45006561
"3818",97.49677277
"3819",98.80786133
"3820",101.2911758
"3821",103.0357056
"3822",102.8734055
"3823",104.0442276
"3824",102.8901596
"3825",102.0739975
"3826",100.5362244
"3827",100.8494949
"3828",102.4638748
"3829",101.6241837
"3830",102.915802
"3831",104.9384232
"3832",105.8885117
"3833",107.0708847
"3834",108.5163651
"3835",110.6164474
"3836",109.9196548
"3837",111.4165649
"3838",115.532074
"3839",115.0825653
"3840",115.8539429
"3841",111.2506256
"3842",110.3012619
"3843",110.5209198
"3844",111.5898361
"3845",111.3249512
"3846",112.9275665
"3847",110.0849457
"3848",108.003067
"3849",108.2652969
"3850",105.2953796
"3851",104.5112457
"3852",101.9796219
"3853",101.4390945
"3854",99.32408905
"3855",52.85985947
"3856",21.02125359
"3857",21.01719856
"3858",20.58842087
"3859",15.89958286
"3860",18.82820892
"3861",20.28390312
"3862",22.6693058
"3863",25.22489738
"3864",25.92899895
"3865",36.68783569
"3866",38.53013229
"3867",51.29668045
"3868",57.86792374
"3869",58.58024979
"3870",58.4120369
"3871",54.79042816
"3872",47.94812012
"3873",46.53452682
"3874",31.361063
"3875",22.27763748
"3876",24.12889862
"3877",25.99601173
"3878",32.48057175
"3879",36.5737381
"3880",42.22188568
"3881",43.7396965
"3882",45.38234329
"3883",49.23545837
"3884",53.16794205
"3885",55.66110992
"3886",51.67663956
"3887",42.89622879
"3888",25.40197372
"3889",23.75329208
"3890",26.77001953
"3891",23.66622734
"3892",27.71011543
"3893",28.61687851
"3894",28.10605621
"3895",27.78456116
"3896",25.66418457
"3897",25.08825874
"3898",25.09999847
"3899",29.16005516
"3900",35.47641754
"3901",33.51323318
"3902",35.09023285
"3903",35.65206528
"3904",35.71678162
"3905",39.41985703
"3906",43.3346405
"3907",41.23775101
"3908",42.70764923
"3909",45.05147934
"3910",46.76285934
"3911",49.37605667
"3912",50.36152649
"3913",48.45457077
"3914",49.65883636
"3915",49.69356155
"3916",50.37379074
"3917",48.94051361
"3918",50.5578804
"3919",50.16734695
"3920",49.42038345
"3921",48.24630737
"3922",41.30075836
"3923",40.42719269
"3924",40.82538605
"3925",39.46495819
"3926",38.2363205
"3927",37.6197052
"3928",39.33081818
"3929",41.26723862
"3930",42.0161438
"3931",43.03237152
"3932",45.41680145
"3933",45.46949005
"3934",47.97581482
"3935",51.35175323
"3936",52.19565201
"3937",56.54083252
"3938",58.45183563
"3939",55.74853134
"3940",55.78540802
"3941",57.56572342
"3942",56.17617035
"3943",55.77877426
"3944",56.58913422
"3945",55.83106613
"3946",58.75664902
"3947",56.52448654
"3948",59.07004929
"3949",59.88906479
"3950",61.56703186
"3951",63.36522293
"3952",64.2726593
"3953",62.99794388
"3954",62.8155098
"3955",64.14521027
"3956",65.00975037
"3957",64.49966431
"3958",66.18543243
"3959",67.08359528
"3960",71.41088104
"3961",78.06401062
"3962",79.32050323
"3963",76.28914642
"3964",76.78347015
"3965",75.62348938
"3966",73.32796478
"3967",74.7124176
"3968",73.89759064
"3969",74.60480499
"3970",72.60834503
"3971",74.30361938
"3972",73.47548676
"3973",74.74066925
"3974",77.16947174
"3975",78.64465332
"3976",77.8866806
"3977",78.24652863
"3978",77.27309418
"3979",78.0909729
"3980",79.62976837
"3981",81.02011871
"3982",89.48815918
"3983",93.78596497
"3984",94.42247009
"3985",103.1668854
"3986",95.0827713
"3987",87.42588043
"3988",86.67308044
"3989",88.18102264
"3990",91.30081177
"3991",91.53271484
"3992",93.80164337
"3993",94.76418304
"3994",96.18630981
"3995",96.9066925
"3996",99.92851257
"3997",100.3755875
"3998",102.225029
"3999",100.9094772
"4000",99.77417755
"4001",99.18865204
"4002",97.68560791
"4003",75.9258728
"4004",60.98945618
"4005",69.12093353
"4006",63.27066422
"4007",64.57413483
"4008",66.59793854
"4009",75.66043091
"4010",82.421875
"4011",86.56350708
"4012",86.04611206
"4013",85.4164505
"4014",86.31207275
"4015",87.32167816
"4016",87.28743744
"4017",88.47138977
"4018",88.41909027
"4019",88.6095047
"4020",92.92910767
"4021",91.01812744
"4022",92.51818085
"4023",94.63263702
"4024",89.18764496
"4025",85.57426453
"4026",83.72016144
"4027",83.92639923
"4028",88.37982941
"4029",89.01262665
"4030",91.21974182
"4031",90.6574707
"4032",91.55374146
"4033",93.87197876
"4034",94.25346375
"4035",94.53339386
"4036",93.4883194
"4037",90.68740845
"4038",86.78700256
"4039",89.66333771
"4040",89.94967651
"4041",91.50875092
"4042",92.94387817
"4043",94.32609558
"4044",96.37808228
"4045",98.03118896
"4046",98.20062256
"4047",101.4092712
"4048",105.4713898
"4049",101.271347
"4050",101.0657196
"4051",98.269104
"4052",100.3131027
"4053",1.488095999
"4054",10.93059063
"4055",17.84153366
"4056",24.97146988
"4057",26.93869591
"4058",25.63815689
"4059",28.90777779
"4060",30.56126404
"4061",33.77541733
"4062",35.71889496
"4063",33.9606514
"4064",35.99072266
"4065",37.0790596
"4066",38.21534729
"4067",40.38003922
"4068",40.10786057
"4069",39.20742035
"4070",38.4426918
"4071",39.64039993
"4072",41.2965126
"4073",41.06319046
"4074",41.11312103
"4075",42.31997299
"4076",44.05514145
"4077",45.04143524
"4078",49.15636444
"4079",48.8012352
"4080",49.17807007
"4081",49.74970245
"4082",49.0475769
"4083",50.34108353
"4084",51.77565765
"4085",52.97844696
"4086",54.07803345
"4087",55.50043869
"4088",57.19963837
"4089",54.52912521
"4090",50.81606293
"4091",47.99420166
"4092",43.42481232
"4093",40.9679718
"4094",39.1126976
"4095",42.39657211
"4096",44.16122818
"4097",43.74586487
"4098",42.93737793
"4099",44.12149048
"4100",43.12477112
"4101",44.27086258
"4102",45.58271027
"4103",46.57709503
"4104",45.76791763
"4105",45.91246033
"4106",44.42118835
"4107",43.16480637
"4108",42.25341797
"4109",42.14839172
"4110",42.4854393
"4111",45.22624969
"4112",45.68701935
"4113",48.34165192
"4114",49.23788452
"4115",48.66907501
"4116",48.8429985
"4117",49.61050034
"4118",53.87287903
"4119",54.89786148
"4120",57.43292236
"4121",58.9865036
"4122",60.03361893
"4123",59.58908463
"4124",59.55309677
"4125",61.68156052
"4126",63.67491531
"4127",62.19803238
"4128",63.67769623
"4129",63.10012817
"4130",65.52957153
"4131",73.08411407
"4132",79.27220917
"4133",81.50106049
"4134",88.1264801
"4135",91.68956757
"4136",93.03009796
"4137",94.00009918
"4138",97.75120544
"4139",97.5681076
"4140",97.01654053
"4141",96.57872772
"4142",93.09880829
"4143",93.03424072
"4144",93.05862427
"4145",91.33089447
"4146",89.30871582
"4147",86.26028442
"4148",85.15177917
"4149",75.50199127
"4150",72.64457703
"4151",70.34307098
"4152",74.21439362
"4153",72.34404755
"4154",81.41420746
"4155",86.34742737
"4156",92.44329071
"4157",88.48685455
"4158",86.01057434
"4159",78.94243622
"4160",61.90636063
"4161",52.74647522
"4162",46.64143753
"4163",48.41253281
"4164",46.03730392
"4165",41.77309036
"4166",40.05503464
"4167",34.4253273
"4168",37.41802979
"4169",38.31120682
"4170",41.95180893
"4171",44.91370392
"4172",46.67092133
"4173",47.09845734
"4174",49.34750366
"4175",52.27345276
"4176",49.57906342
"4177",45.01599503
"4178",42.09600449
"4179",45.5945549
"4180",41.99358749
"4181",50.54383087
"4182",49.14964676
"4183",56.75400162
"4184",59.72639847
"4185",57.44941711
"4186",49.61914063
"4187",39.62446213
"4188",34.28053665
"4189",30.0065136
"4190",33.87062836
"4191",38.47423553
"4192",39.36467361
"4193",39.55734634
"4194",39.4904747
"4195",41.24262238
"4196",44.1883812
"4197",47.95569992
"4198",50.24843979
"4199",52.92271805
"4200",53.25551224
"4201",55.71876144
"4202",57.48972321
"4203",60.0189743
"4204",60.61198044
"4205",62.75708771
"4206",59.65488052
"4207",59.89094925
"4208",56.92169952
"4209",57.0263176
"4210",46.95834351
"4211",42.8732872
"4212",35.36456299
"4213",37.06409073
"4214",37.54141235
"4215",38.14189529
"4216",39.48423004
"4217",37.2870903
"4218",35.63510895
"4219",36.36926651
"4220",37.39836121
"4221",38.68851471
"4222",40.22314453
"4223",43.71323013
"4224",47.12509155
"4225",52.69351959
"4226",61.93282318
"4227",70.74299622
"4228",72.11467743
"4229",71.76095581
"4230",75.3347702
"4231",75.68314362
"4232",79.37974548
"4233",80.66647339
"4234",82.62548828
"4235",82.16285706
"4236",83.30423737
"4237",84.72505951
"4238",91.17989349
"4239",91.06118774
"4240",94.3364563
"4241",96.56523132
"4242",100.0169601
"4243",99.66665649
"4244",98.27074432
"4245",100.3518677
"4246",98.10012054
"4247",98.61291504
"4248",95.7403717
"4249",96.38999176
"4250",95.12623596
"4251",94.43920135
"4252",97.11508942
"4253",96.40917969
"4254",97.43128967
"4255",98.74258423
"4256",98.0905838
"4257",94.47151947
"4258",91.23932648
"4259",64.13970184
"4260",42.73881149
"4261",39.90681458
"4262",31.18411636
"4263",20.5123539
"4264",21.48145485
"4265",24.16539192
"4266",30.92825127
"4267",37.35069656
"4268",41.61204147
"4269",42.59017563
"4270",44.89759827
"4271",45.96583176
"4272",48.91410446
"4273",49.01816177
"4274",50.23598099
"4275",51.48210907
"4276",52.61275101
"4277",56.98656845
"4278",56.45991898
"4279",57.14876556
"4280",57.89345551
"4281",55.04259872
"4282",55.77207565
"4283",57.97796631
"4284",57.68622208
"4285",56.72426605
"4286",57.42206955
"4287",58.50787735
"4288",57.69355011
"4289",57.1269455
"4290",60.21327972
"4291",57.44561386
"4292",60.11011887
"4293",60.84613419
"4294",61.44726944
"4295",61.79946899
"4296",61.32456589
"4297",64.27418518
"4298",64.35725403
"4299",63.3074646
"4300",62.33542252
"4301",63.45996475
"4302",60.44919586
"4303",60.22838211
"4304",60.70438385
"4305",61.03554535
"4306",62.02868271
"4307",64.53135681
"4308",64.64883423
"4309",69.3762207
"4310",69.02519226
"4311",68.61819458
"4312",72.2494812
"4313",72.17316437
"4314",70.70074463
"4315",72.1346817
"4316",69.15222168
"4317",67.91825867
"4318",66.59141541
"4319",68.87944031
"4320",67.6316452
"4321",68.71816254
"4322",67.06188202
"4323",69.31658173
"4324",64.34020996
"4325",66.67466736
"4326",66.83084106
"4327",64.44328308
"4328",61.7321701
"4329",65.06484222
"4330",68.39751434
"4331",70.66725922
"4332",70.66650391
"4333",70.59397888
"4334",74.99616241
"4335",76.09410095
"4336",77.97498322
"4337",72.87937927
"4338",29.42043114
"4339",29.1137352
"4340",40.95169067
"4341",30.13081169
"4342",30.13850403
"4343",34.93657684
"4344",37.17734909
"4345",40.62537003
"4346",41.58856583
"4347",44.11231613
"4348",45.43910217
"4349",45.60239029
"4350",51.32482529
"4351",51.34201813
"4352",53.338871
"4353",51.14329529
"4354",52.00450516
"4355",52.48019409
"4356",51.10956955
"4357",51.93175888
"4358",51.13677597
"4359",50.32235718
"4360",49.67008591
"4361",50.8117981
"4362",50.14691925
"4363",51.44452667
"4364",50.62744141
"4365",53.48820114
"4366",51.99748611
"4367",53.19878769
"4368",71.93073273
